Tenant ID,Design id
a466c0e1-30b3-4062-aeb7-3712491907c1,f6f6d736-f7fb-4ffb-a3e2-e279e7263757
a466c0e1-30b3-4062-aeb7-3712491907c1,c3d3b460-6892-42a9-88b4-8fe648c378ee
a466c0e1-30b3-4062-aeb7-3712491907c1,f554642d-d7ea-4ad0-87de-9221244adf3e
a466c0e1-30b3-4062-aeb7-3712491907c1,1de37db5-456d-4f47-9be2-55cac6a18f8a
a466c0e1-30b3-4062-aeb7-3712491907c1,2bf548f4-b6ff-4b91-8fa1-74cc33d4d474
a466c0e1-30b3-4062-aeb7-3712491907c1,33357e46-4050-4472-8096-122808b383f9
a466c0e1-30b3-4062-aeb7-3712491907c1,e6fd3c7f-d724-4ba6-8d4b-b7cc26f8c802
a466c0e1-30b3-4062-aeb7-3712491907c1,9c17b684-ccc1-4d48-97f7-7895a88d1fa3
a466c0e1-30b3-4062-aeb7-3712491907c1,e561475c-a6c0-4709-b20b-518d059920e8
a466c0e1-30b3-4062-aeb7-3712491907c1,6d535090-9846-4535-979e-841f686bad91
a466c0e1-30b3-4062-aeb7-3712491907c1,f7d65135-4eb5-451d-b129-570be255d9ef
a466c0e1-30b3-4062-aeb7-3712491907c1,40ca275a-737e-41fb-8800-1b60b0c49b21
a466c0e1-30b3-4062-aeb7-3712491907c1,dc999673-a77e-46b4-92ec-a2f1f2dbc50e
a466c0e1-30b3-4062-aeb7-3712491907c1,5500f394-2b2f-47dd-8e54-0ab93af68583
a466c0e1-30b3-4062-aeb7-3712491907c1,28c4be9a-d545-47e7-b717-3eb26ff21647
a466c0e1-30b3-4062-aeb7-3712491907c1,79512ffd-7271-443a-b3ae-48d4bae48ee9
a466c0e1-30b3-4062-aeb7-3712491907c1,1dbc3db6-2b3c-4680-bd5e-c454b37a50ac
a466c0e1-30b3-4062-aeb7-3712491907c1,e9558f46-5ccd-46db-b65a-ffcdcea0a373
a466c0e1-30b3-4062-aeb7-3712491907c1,9f3ef732-0d81-44fb-a888-2a2de68b2b80
a466c0e1-30b3-4062-aeb7-3712491907c1,0664de41-eb79-4acb-b64d-7f11672fff51
a466c0e1-30b3-4062-aeb7-3712491907c1,ba4bfbce-48d6-43f5-a524-12af33e5c4d0
a466c0e1-30b3-4062-aeb7-3712491907c1,eae85f92-6d70-47be-85eb-fded483b08a4
a466c0e1-30b3-4062-aeb7-3712491907c1,c1d138f9-1a98-4779-8521-37d3c3b18879
a466c0e1-30b3-4062-aeb7-3712491907c1,0c273dee-121b-4e5f-9a0c-397e3cb29676
a466c0e1-30b3-4062-aeb7-3712491907c1,b363c70c-4587-44ce-9738-d6ef6d4918ee
a466c0e1-30b3-4062-aeb7-3712491907c1,12022472-d76d-49c8-9495-1b52192e896e
a466c0e1-30b3-4062-aeb7-3712491907c1,7f5669d7-2953-428f-a1a5-5c4d2e891401
a466c0e1-30b3-4062-aeb7-3712491907c1,663c1081-a4ed-4e95-8144-43f1a8ba22ab
a466c0e1-30b3-4062-aeb7-3712491907c1,2a2abb37-f512-4a0c-adcb-754cf57eb65f
a466c0e1-30b3-4062-aeb7-3712491907c1,b7274bd0-9970-49ea-9587-5a90da4803da
a466c0e1-30b3-4062-aeb7-3712491907c1,324fc6d0-3035-4b25-8c06-593e546d0574
a466c0e1-30b3-4062-aeb7-3712491907c1,41d5c4ac-ded6-4cb3-ac51-22bfc6ab2dec
a466c0e1-30b3-4062-aeb7-3712491907c1,bce17ee6-f3ca-4e96-95a5-0ddebec14e1a
a466c0e1-30b3-4062-aeb7-3712491907c1,3f15f8ec-7f48-4667-8ca1-67b57d99ec34
a466c0e1-30b3-4062-aeb7-3712491907c1,cdcf1d99-f9d3-4a3d-940c-942314d8f0ac
a466c0e1-30b3-4062-aeb7-3712491907c1,73be728a-2627-4b7e-83d6-d34e694a7668
a466c0e1-30b3-4062-aeb7-3712491907c1,f3a73b7c-1eb5-4212-9702-bb24021987fd
a466c0e1-30b3-4062-aeb7-3712491907c1,ff72dc54-12e7-4b4d-a440-666abbfb43db
a466c0e1-30b3-4062-aeb7-3712491907c1,6c8f844d-4cea-48b6-a216-d38607397fa8
a466c0e1-30b3-4062-aeb7-3712491907c1,4d6f4471-a4ce-43bd-aec7-632b1014daca
a466c0e1-30b3-4062-aeb7-3712491907c1,ea5e94c0-02a4-4204-ab99-496cc95c8a22
a466c0e1-30b3-4062-aeb7-3712491907c1,298d2764-7fb9-4aca-abcb-3a2058867e3d
a466c0e1-30b3-4062-aeb7-3712491907c1,f2a907f9-9fd4-42e4-869b-5382bfeb810f
a466c0e1-30b3-4062-aeb7-3712491907c1,097cb865-e823-4b8f-89ea-35c3a431b49d
a466c0e1-30b3-4062-aeb7-3712491907c1,f7abd845-3d70-470a-91fd-db253380d9e5
a466c0e1-30b3-4062-aeb7-3712491907c1,9afebcfe-c2ca-441e-9692-38d7258d0e1f
a466c0e1-30b3-4062-aeb7-3712491907c1,2fa13d8c-0547-4295-8596-03afa4394adf
a466c0e1-30b3-4062-aeb7-3712491907c1,f8a9b356-d055-4944-a892-cf8857cfa650
a466c0e1-30b3-4062-aeb7-3712491907c1,8d00dbc6-b1b3-4627-881e-dee1b8eb793d
a466c0e1-30b3-4062-aeb7-3712491907c1,3352e1d0-812f-4ca5-8a08-a77cb47df1ca
a466c0e1-30b3-4062-aeb7-3712491907c1,7ddf4767-701a-45e5-aabf-a4510d92b8e8
a466c0e1-30b3-4062-aeb7-3712491907c1,6ed72479-9e35-4bd1-b87b-9d81103064e8
a466c0e1-30b3-4062-aeb7-3712491907c1,1e11b985-306a-48c2-ab5b-3f66c944c5bf
a466c0e1-30b3-4062-aeb7-3712491907c1,6c8f1a9d-d194-4524-9dc7-8be8b55aad51
a466c0e1-30b3-4062-aeb7-3712491907c1,2c2b7ec4-671a-43dc-81b0-96dbe6a76b4e
a466c0e1-30b3-4062-aeb7-3712491907c1,712b5c5e-c5e9-4ffa-a165-e6d2d724b995
a466c0e1-30b3-4062-aeb7-3712491907c1,36f53827-5287-4c2a-9817-237114f301f9
a466c0e1-30b3-4062-aeb7-3712491907c1,f7197e52-accd-4d60-8d9c-428c051e95ae
a466c0e1-30b3-4062-aeb7-3712491907c1,d73e5963-b179-48d4-b711-1219b13666e0
a466c0e1-30b3-4062-aeb7-3712491907c1,bf01601e-60a7-4bad-9885-fdd3a585e355
a466c0e1-30b3-4062-aeb7-3712491907c1,5313d3ce-15cf-4b0b-b11b-097099fa3221
a466c0e1-30b3-4062-aeb7-3712491907c1,c5489b3c-8bda-41ae-aa15-5f3c7cda9bae
a466c0e1-30b3-4062-aeb7-3712491907c1,74425f6f-a062-4de0-b15f-aa23d179d283
a466c0e1-30b3-4062-aeb7-3712491907c1,b87ccfd3-32fe-4f74-a206-3855b6fd1877
a466c0e1-30b3-4062-aeb7-3712491907c1,f1ee8630-1f2b-4dff-b291-ae195bcbaecc
a466c0e1-30b3-4062-aeb7-3712491907c1,8d9554d7-b5c3-41d7-b19a-f81863a7bc59
a466c0e1-30b3-4062-aeb7-3712491907c1,84fb06d7-853d-4803-9ed3-1310c570c2ef
a466c0e1-30b3-4062-aeb7-3712491907c1,919dcea8-b1b1-484a-9807-5f3dce9f64d8
a466c0e1-30b3-4062-aeb7-3712491907c1,e7b4ed69-a084-48de-9e30-6bb77df0a615
a466c0e1-30b3-4062-aeb7-3712491907c1,d3d8cb9c-db40-4c15-a683-5f5dc811b168
a466c0e1-30b3-4062-aeb7-3712491907c1,a2374fcf-2684-4f8c-a4d7-3efc738a50b6
a466c0e1-30b3-4062-aeb7-3712491907c1,d57e8231-bd2d-4196-be4e-fb8250d77254
a466c0e1-30b3-4062-aeb7-3712491907c1,10c3882e-5cca-42ee-9349-4cb87444f9ed
a466c0e1-30b3-4062-aeb7-3712491907c1,adc48279-2708-45bf-914f-ad997152904c
a466c0e1-30b3-4062-aeb7-3712491907c1,4160a9a7-efc7-470c-8d83-4abecddee14b
a466c0e1-30b3-4062-aeb7-3712491907c1,37016ee1-f95f-4d19-a999-80bbbd021883
a466c0e1-30b3-4062-aeb7-3712491907c1,8ff3d982-d077-4242-b03e-b806dd107219
a466c0e1-30b3-4062-aeb7-3712491907c1,673ac514-5ce6-4752-b8ba-7286f916c2a9
a466c0e1-30b3-4062-aeb7-3712491907c1,9a795e88-de8c-49ad-8291-07d80fe318ee
a466c0e1-30b3-4062-aeb7-3712491907c1,a8cd439b-76fe-47c2-83ad-d7123e34ccc0
a466c0e1-30b3-4062-aeb7-3712491907c1,e729b15f-460b-469e-a324-0efb4a4825e3
a466c0e1-30b3-4062-aeb7-3712491907c1,0bdb1fdb-c99b-4e6f-8971-5fca7ab26e35
a466c0e1-30b3-4062-aeb7-3712491907c1,bf014b66-fff6-40e6-99d0-a6542b201199
a466c0e1-30b3-4062-aeb7-3712491907c1,a37c5777-aba3-4313-b708-73f28c1d21b7
a466c0e1-30b3-4062-aeb7-3712491907c1,4bb81314-19f4-4ebe-b7ab-be3b9309b151
a466c0e1-30b3-4062-aeb7-3712491907c1,1e2b078f-58f0-43eb-9571-eb813e69c7d1
a466c0e1-30b3-4062-aeb7-3712491907c1,8cba90c7-02bc-40fd-a162-355684d566b9
a466c0e1-30b3-4062-aeb7-3712491907c1,9ffa5fd9-dfb9-43c5-b5ff-1686359f06ab
a466c0e1-30b3-4062-aeb7-3712491907c1,74c27419-7b16-461d-b877-244be80243bb
a466c0e1-30b3-4062-aeb7-3712491907c1,c36c7c05-2e8e-42c1-9b00-21ec8659aba6
a466c0e1-30b3-4062-aeb7-3712491907c1,e0d7a160-b556-4ebd-a015-6c8f206aeecd
a466c0e1-30b3-4062-aeb7-3712491907c1,59958f98-3f5b-4e1e-92cb-800ee1357a5c
a466c0e1-30b3-4062-aeb7-3712491907c1,9ce11654-f004-454c-b314-bf5c6048830a
a466c0e1-30b3-4062-aeb7-3712491907c1,1bf90474-bead-4a62-a47d-8c0710976d69
a466c0e1-30b3-4062-aeb7-3712491907c1,e2e61af1-30c8-467d-bb0f-ae4c5dbd0ee9
a466c0e1-30b3-4062-aeb7-3712491907c1,45fb0b9d-9cb9-42ab-9ed8-65c0c9a35ee2
a466c0e1-30b3-4062-aeb7-3712491907c1,59466a1b-497f-4679-a095-9c7875beb53c
a466c0e1-30b3-4062-aeb7-3712491907c1,a96720bd-ab9b-4f05-8add-c3c8924ad3c8
a466c0e1-30b3-4062-aeb7-3712491907c1,f9e1dd26-7544-445e-b128-649e0176af37
a466c0e1-30b3-4062-aeb7-3712491907c1,128c0091-44f9-425c-8136-38e615f192ed
a466c0e1-30b3-4062-aeb7-3712491907c1,fac30f9c-c9e4-4143-aa25-938e5e1b86bc
a466c0e1-30b3-4062-aeb7-3712491907c1,61273e46-4f18-4901-a106-edb01a6cc30b
a466c0e1-30b3-4062-aeb7-3712491907c1,de5472df-eb27-4dd0-9cfd-75d09c7719e0
a466c0e1-30b3-4062-aeb7-3712491907c1,9a817589-4a3e-41c7-8603-730bf931efef
a466c0e1-30b3-4062-aeb7-3712491907c1,856b57a7-e1ed-4ce6-b57a-441a5620b7c9
a466c0e1-30b3-4062-aeb7-3712491907c1,ca53096f-1858-4350-9496-b047796e96eb
a466c0e1-30b3-4062-aeb7-3712491907c1,79fa7ea6-a45f-4b13-8f93-789f62694048
a466c0e1-30b3-4062-aeb7-3712491907c1,5052f18e-0c4d-4f6e-904d-8b379a69ae37
a466c0e1-30b3-4062-aeb7-3712491907c1,45280cff-606c-44cb-b25b-28933dacaaa2
a466c0e1-30b3-4062-aeb7-3712491907c1,7e6384db-f53b-4841-8bef-09569cb7d0b1
a466c0e1-30b3-4062-aeb7-3712491907c1,4b7527d8-8a6c-4f6d-a5e0-8d6baf44dde9
a466c0e1-30b3-4062-aeb7-3712491907c1,513507ff-d26b-49e9-8b08-ecda7eb28bb5
a466c0e1-30b3-4062-aeb7-3712491907c1,03bc25bd-a3d3-4f7f-8ccf-2412f7a2b763
a466c0e1-30b3-4062-aeb7-3712491907c1,61493b87-ddfb-4f14-abd5-65c9df63bd92
a466c0e1-30b3-4062-aeb7-3712491907c1,12fe0dac-ad5a-4662-8605-5de1b88a4b8e
a466c0e1-30b3-4062-aeb7-3712491907c1,4943aa4b-b474-4020-95f2-50a70b60f8a0
a466c0e1-30b3-4062-aeb7-3712491907c1,d97564ee-3254-4c2f-b351-cbdf63f2c26a
a466c0e1-30b3-4062-aeb7-3712491907c1,b0d5e87d-7a60-46f9-b46e-105d1f0da45e
a466c0e1-30b3-4062-aeb7-3712491907c1,53b81966-bb92-48e8-aecc-34134b4b98e1
a466c0e1-30b3-4062-aeb7-3712491907c1,53d68d8f-b0c9-40e4-9f29-4a5ced381d39
a466c0e1-30b3-4062-aeb7-3712491907c1,c237c9a8-6ff1-4a29-baf5-416988a61049
a466c0e1-30b3-4062-aeb7-3712491907c1,b77933cf-3cca-4449-b883-10abc4a87feb
a466c0e1-30b3-4062-aeb7-3712491907c1,ee6b0c49-26c4-44e5-a9c1-1b5d3ce09b96
a466c0e1-30b3-4062-aeb7-3712491907c1,164456d4-19d7-4eba-b8e8-59a48be2f499
a466c0e1-30b3-4062-aeb7-3712491907c1,2893bf5e-c58c-4620-b12c-67e07d82d965
a466c0e1-30b3-4062-aeb7-3712491907c1,66247756-12db-44f9-81c5-cef84912a3b3
a466c0e1-30b3-4062-aeb7-3712491907c1,90c1af72-e995-445d-af75-175c3096d723
a466c0e1-30b3-4062-aeb7-3712491907c1,aa002802-4350-4c25-8876-67790fe33bd9
a466c0e1-30b3-4062-aeb7-3712491907c1,ae5472c3-cd09-459d-b30f-b14e3da33911
a466c0e1-30b3-4062-aeb7-3712491907c1,3648b55c-7b8c-40f2-bbd9-796775f60de0
a466c0e1-30b3-4062-aeb7-3712491907c1,7b838157-8f49-429c-8ed2-dd5fdab52ef2
a466c0e1-30b3-4062-aeb7-3712491907c1,16ac3f54-b995-44ea-8c99-a147ddcd4c09
a466c0e1-30b3-4062-aeb7-3712491907c1,ef9e2a92-bec0-4bac-b152-39f75066111e
a466c0e1-30b3-4062-aeb7-3712491907c1,969a6bfc-78b9-4ae2-a301-aed2b798fe47
a466c0e1-30b3-4062-aeb7-3712491907c1,5d1015d5-92bd-4cfa-befd-81a34df501b5
a466c0e1-30b3-4062-aeb7-3712491907c1,e43bfa68-139f-420c-9aae-a73e9d89856e
a466c0e1-30b3-4062-aeb7-3712491907c1,251faffd-5120-4670-984c-3fedd43ac116
a466c0e1-30b3-4062-aeb7-3712491907c1,3b5ea492-d2c8-4644-8612-ff670d9988eb
a466c0e1-30b3-4062-aeb7-3712491907c1,7030f495-438b-4d7e-b566-4e1f8c6dc917
a466c0e1-30b3-4062-aeb7-3712491907c1,857aa90d-0dcd-4a0f-ab24-0614e451c42b
a466c0e1-30b3-4062-aeb7-3712491907c1,693e2049-5b5a-44fd-ae8b-c11cc0171b7f
a466c0e1-30b3-4062-aeb7-3712491907c1,4cd76846-c1f0-46cb-99cf-07020bd128ff
a466c0e1-30b3-4062-aeb7-3712491907c1,f62f0b7f-90de-440e-8f6c-aa324453eee7
a466c0e1-30b3-4062-aeb7-3712491907c1,9e57d192-3fe5-485e-a1ea-3eb5c1012995
a466c0e1-30b3-4062-aeb7-3712491907c1,cec39390-b669-4f70-b645-6f6c0bc5f724
a466c0e1-30b3-4062-aeb7-3712491907c1,636c5c2f-bab1-4b0f-ace2-a16a9ea5b42e
a466c0e1-30b3-4062-aeb7-3712491907c1,db9be0a9-3dbb-4fae-b370-dd75d1cb6367
a466c0e1-30b3-4062-aeb7-3712491907c1,d7f404ce-4de8-461d-a11f-9c72641487ba
a466c0e1-30b3-4062-aeb7-3712491907c1,2549694a-a52f-4252-b59d-44b73f65d73a
a466c0e1-30b3-4062-aeb7-3712491907c1,1099528d-7f1b-48bf-97e1-4e260e456853
a466c0e1-30b3-4062-aeb7-3712491907c1,b524257d-ef29-468f-9f01-18d73fe1c69e
a466c0e1-30b3-4062-aeb7-3712491907c1,3e65d214-799e-408c-baf1-a78cb7d64e69
a466c0e1-30b3-4062-aeb7-3712491907c1,572c9439-0cd6-48fd-8d83-0ac0eaac7431
a466c0e1-30b3-4062-aeb7-3712491907c1,d92be1ef-45d8-4f25-bea3-ad96baaead30
a466c0e1-30b3-4062-aeb7-3712491907c1,d25b83e9-1a0f-4996-a762-e77f045e061a
a466c0e1-30b3-4062-aeb7-3712491907c1,976d9d70-7cba-4c15-afdc-8bcb1e1fd45a
a466c0e1-30b3-4062-aeb7-3712491907c1,b14604cf-a8e8-49a7-a7af-77823b7d1e0f
a466c0e1-30b3-4062-aeb7-3712491907c1,3d64b30b-cf36-48c3-be97-0c4c7f8ea7bf
a466c0e1-30b3-4062-aeb7-3712491907c1,d5213229-d27d-4247-a371-c0597f730627
a466c0e1-30b3-4062-aeb7-3712491907c1,c8ee7cc7-33d8-4ea2-942e-44d71f3360aa
a466c0e1-30b3-4062-aeb7-3712491907c1,f7117c18-fbf7-45d5-b6cd-4d95ed4d98d3
a466c0e1-30b3-4062-aeb7-3712491907c1,74b97d9c-b0af-4a5e-87fb-dd78a7ac61f7
a466c0e1-30b3-4062-aeb7-3712491907c1,7bbc483e-7441-4bb3-b17f-5ce9fc2bbed7
a466c0e1-30b3-4062-aeb7-3712491907c1,8672d357-7c8a-4d31-b860-4a6462bbaa93
a466c0e1-30b3-4062-aeb7-3712491907c1,38846ddc-c414-41c7-a63f-f5a3a19df8a6
a466c0e1-30b3-4062-aeb7-3712491907c1,637c2995-e8cb-4f3f-840e-3b497be6d2e2
a466c0e1-30b3-4062-aeb7-3712491907c1,a3483ee8-fedd-4b8a-90b7-376695e32912
a466c0e1-30b3-4062-aeb7-3712491907c1,915b14ab-4c21-4bc4-823d-82a92d499320
a466c0e1-30b3-4062-aeb7-3712491907c1,19284338-e057-42be-8c17-11d0baaafc6f
a466c0e1-30b3-4062-aeb7-3712491907c1,d0777116-942b-4e13-b4ff-86c6db35e010
a466c0e1-30b3-4062-aeb7-3712491907c1,d01048d1-f098-4d4a-baf3-eb89c2f4997e
a466c0e1-30b3-4062-aeb7-3712491907c1,dad46cf0-eae4-4476-8685-d716c248b968
a466c0e1-30b3-4062-aeb7-3712491907c1,fdf82d58-3d66-4a3c-8b6d-1057b07682b4
a466c0e1-30b3-4062-aeb7-3712491907c1,7951e2a9-4dd4-4c94-b2b9-13aa479100a4
a466c0e1-30b3-4062-aeb7-3712491907c1,d9f69a30-35a1-40dc-b7ed-33eee1d47f16
a466c0e1-30b3-4062-aeb7-3712491907c1,896453bb-746b-4ffa-87f0-01f89575e3b1
a466c0e1-30b3-4062-aeb7-3712491907c1,b35a3c25-ac55-4027-a7db-74f214c56304
a466c0e1-30b3-4062-aeb7-3712491907c1,6aa92d88-ee17-4488-833f-10fc1513b7d4
a466c0e1-30b3-4062-aeb7-3712491907c1,292fd290-9e2c-4522-8cf4-95d137b9e667
a466c0e1-30b3-4062-aeb7-3712491907c1,3b61fed5-3716-45da-a5ff-bfd3a2d2d0e0
a466c0e1-30b3-4062-aeb7-3712491907c1,6cc6fd0b-0a24-4b90-a220-0dbedeb1c6f2
a466c0e1-30b3-4062-aeb7-3712491907c1,ce261a4a-d41c-48d5-8991-fbd0ae20e91f
a466c0e1-30b3-4062-aeb7-3712491907c1,eacb0970-093f-4b15-b322-7b0c41d553ee
a466c0e1-30b3-4062-aeb7-3712491907c1,5d1d4012-4d76-4ee1-863a-7c0529bec09e
a466c0e1-30b3-4062-aeb7-3712491907c1,564819a3-4cac-4718-a523-1bfb9c53faec
a466c0e1-30b3-4062-aeb7-3712491907c1,8a51d21b-8c1a-4c01-bbcf-84e7256bb225
a466c0e1-30b3-4062-aeb7-3712491907c1,b2c2e0d0-9b4c-4b41-ba33-1204bd2b5d9d
a466c0e1-30b3-4062-aeb7-3712491907c1,7c39a5ad-9d63-4bce-9d83-74c6e8ee3db6
a466c0e1-30b3-4062-aeb7-3712491907c1,6e392227-7156-4f9c-8eb1-3c9ee8f600ef
a466c0e1-30b3-4062-aeb7-3712491907c1,176f16e5-d9a2-4d86-ae4d-5a6fb7b13e4b
a466c0e1-30b3-4062-aeb7-3712491907c1,69ec3f1d-857f-4c42-8c9a-03421dafb80a
a466c0e1-30b3-4062-aeb7-3712491907c1,d630de6c-449d-42b6-9db7-d3a8ad838bf8
a466c0e1-30b3-4062-aeb7-3712491907c1,b1ead139-e43c-4bd6-a7e9-833f54c9fbf4
a466c0e1-30b3-4062-aeb7-3712491907c1,9c4d298e-1571-4f5a-b09c-6c23af7fbf18
a466c0e1-30b3-4062-aeb7-3712491907c1,4b52ad87-de37-4352-af3e-88413ae88004
a466c0e1-30b3-4062-aeb7-3712491907c1,02553afa-08ee-4920-9aa4-6bde9c6cad89
a466c0e1-30b3-4062-aeb7-3712491907c1,c86cd1db-bf75-4cbe-9add-5339ec21a73a
a466c0e1-30b3-4062-aeb7-3712491907c1,717fc98a-6d82-4eb8-a699-a0cd67aaa79e
a466c0e1-30b3-4062-aeb7-3712491907c1,ef46afff-afe7-4652-9612-46adba148fc1
a466c0e1-30b3-4062-aeb7-3712491907c1,c2fd59ab-711d-42a0-9022-bfcd680c44ae
a466c0e1-30b3-4062-aeb7-3712491907c1,ee5f454f-b42c-4c17-8156-0855330b36a3
a466c0e1-30b3-4062-aeb7-3712491907c1,966a6cf9-5a17-4b0f-81df-3dc22363e270
a466c0e1-30b3-4062-aeb7-3712491907c1,91a956b0-7d0e-4f7e-abab-a903c8663f4e
a466c0e1-30b3-4062-aeb7-3712491907c1,4a88c854-6893-4366-8bfa-26576ceebd2d
a466c0e1-30b3-4062-aeb7-3712491907c1,f6afb47b-9df9-4ee2-87d9-6e2867881ab3
a466c0e1-30b3-4062-aeb7-3712491907c1,2a30d8c2-97a2-4271-bf0d-5eca1d1b64b0
a466c0e1-30b3-4062-aeb7-3712491907c1,97cc8dcb-fc02-43a3-bf79-70a08a46dddc
a466c0e1-30b3-4062-aeb7-3712491907c1,ba496275-743d-4631-92f5-7d723d351279
a466c0e1-30b3-4062-aeb7-3712491907c1,942c7c92-0278-406e-ae2e-648cb6c62746
a466c0e1-30b3-4062-aeb7-3712491907c1,d90b3e41-9831-40fa-b2c5-d341666ba8df
a466c0e1-30b3-4062-aeb7-3712491907c1,60b283e3-438c-4b38-b78c-659bd544934e
a466c0e1-30b3-4062-aeb7-3712491907c1,8480d667-c300-4485-b458-125c54267018
a466c0e1-30b3-4062-aeb7-3712491907c1,aefd556e-c441-4eff-b39b-016477dd8978
a466c0e1-30b3-4062-aeb7-3712491907c1,1c8a365e-bdfa-44a1-8938-e4ce5bea96cf
a466c0e1-30b3-4062-aeb7-3712491907c1,8f85523f-506a-413d-9c36-9feab3dbde3c
a466c0e1-30b3-4062-aeb7-3712491907c1,9c13311b-5a75-4f41-afc8-2fe34cbb44aa
a466c0e1-30b3-4062-aeb7-3712491907c1,504992f8-7296-4650-b922-edd9ec260e24
a466c0e1-30b3-4062-aeb7-3712491907c1,7a67325e-0346-4d4f-a9e0-db0f08d2d4ed
a466c0e1-30b3-4062-aeb7-3712491907c1,4bf1a874-74b6-431f-85ac-92c5ec30e6fa
a466c0e1-30b3-4062-aeb7-3712491907c1,8b47d63e-4023-4c22-928b-93d572d8f2ed
a466c0e1-30b3-4062-aeb7-3712491907c1,19b23814-01a8-4f87-9d7f-21015801f59a
a466c0e1-30b3-4062-aeb7-3712491907c1,c91d3708-d689-4166-8557-e7b98f04e57a
a466c0e1-30b3-4062-aeb7-3712491907c1,fb4518d4-4c18-4689-a3c3-e917a6272626
a466c0e1-30b3-4062-aeb7-3712491907c1,a0bb864f-6757-4dbf-b630-8b4a0d11634f
a466c0e1-30b3-4062-aeb7-3712491907c1,f82190e4-b019-4c91-828b-3ceca887ef15
a466c0e1-30b3-4062-aeb7-3712491907c1,772009d8-675d-49ed-9348-343b39675c49
a466c0e1-30b3-4062-aeb7-3712491907c1,5fd5a999-cc82-4a7e-b0f5-0523216a4008
a466c0e1-30b3-4062-aeb7-3712491907c1,6364c495-7e45-4842-b381-a13681ed8e4e
a466c0e1-30b3-4062-aeb7-3712491907c1,8949be99-0e27-4354-9b7f-cfa9d8b39c2d
a466c0e1-30b3-4062-aeb7-3712491907c1,997e0db8-cb07-4b22-9177-8534ded04600
a466c0e1-30b3-4062-aeb7-3712491907c1,6c81aa1d-43e3-4dbc-8df9-e41069680571
a466c0e1-30b3-4062-aeb7-3712491907c1,24a70143-6a07-464a-a4a1-e7746b9e8133
a466c0e1-30b3-4062-aeb7-3712491907c1,e35f5dbc-a92d-40be-b990-cd7588a712e4
a466c0e1-30b3-4062-aeb7-3712491907c1,edb5f053-e6cc-4446-8356-8e800ee67e1f
a466c0e1-30b3-4062-aeb7-3712491907c1,84d186de-3094-4cf5-a08e-70c95bd6d635
a466c0e1-30b3-4062-aeb7-3712491907c1,8d492906-a3cb-4349-a648-c7d4816d7860
a466c0e1-30b3-4062-aeb7-3712491907c1,ec3fad5d-f57e-4d3e-b35c-cb74706b3a56
a466c0e1-30b3-4062-aeb7-3712491907c1,b06ea042-dc3e-4b5e-b3d4-32a2e545adec
a466c0e1-30b3-4062-aeb7-3712491907c1,bac21a57-a6e3-401b-aa04-c2ce77a52839
a466c0e1-30b3-4062-aeb7-3712491907c1,c3e74aeb-2a70-4414-a242-2c0110981cdc
a466c0e1-30b3-4062-aeb7-3712491907c1,ae4ddde1-e3cf-4a4d-bdda-be3ec48a3eaa
a466c0e1-30b3-4062-aeb7-3712491907c1,831a78fa-7bcf-4927-acf0-6e5ecec83c2f
a466c0e1-30b3-4062-aeb7-3712491907c1,d60da355-7530-4ed8-9ac0-c1aab61758c2
a466c0e1-30b3-4062-aeb7-3712491907c1,9c9c1f7a-8aae-4237-9028-26a85e080e75
a466c0e1-30b3-4062-aeb7-3712491907c1,c2f7e272-0e20-447f-b775-27dd2b360816
a466c0e1-30b3-4062-aeb7-3712491907c1,e79f2709-dfb7-453f-8c78-5fed73a88e9d
a466c0e1-30b3-4062-aeb7-3712491907c1,60d36e00-1f36-4aab-9354-b2c5429a8d6a
a466c0e1-30b3-4062-aeb7-3712491907c1,d838e9da-9238-4930-bfb3-65c4160d6c7a
a466c0e1-30b3-4062-aeb7-3712491907c1,ecac942a-1636-4ac4-8061-e99bfec67087
a466c0e1-30b3-4062-aeb7-3712491907c1,5e3da27d-c751-4698-80b3-2f6890018513
a466c0e1-30b3-4062-aeb7-3712491907c1,7cd2176e-8054-4efe-bbf6-732659c5b566
a466c0e1-30b3-4062-aeb7-3712491907c1,4dd1fb55-f9cf-44c3-8b58-e490810aaa1f
a466c0e1-30b3-4062-aeb7-3712491907c1,274a8aaa-8df3-4357-bf74-f92e20b34ad6
a466c0e1-30b3-4062-aeb7-3712491907c1,5e94bdb4-825d-4dca-af58-93184a3251eb
a466c0e1-30b3-4062-aeb7-3712491907c1,058ebd89-2835-4ef1-9abf-6844b425e644
a466c0e1-30b3-4062-aeb7-3712491907c1,046f8886-f19e-49cc-bf3b-9a5d2016815b
a466c0e1-30b3-4062-aeb7-3712491907c1,1c4b217f-2cc9-42a9-9783-ad0a96f82ad0
a466c0e1-30b3-4062-aeb7-3712491907c1,2e1d8c87-8b07-4168-8599-6ec8eedb9642
a466c0e1-30b3-4062-aeb7-3712491907c1,935a50f5-1ce2-4089-b263-f620a1ce803f
a466c0e1-30b3-4062-aeb7-3712491907c1,1ffafb22-d671-473c-81e1-a9a74c977365
a466c0e1-30b3-4062-aeb7-3712491907c1,31bd2c49-9ef3-425d-9ac2-408005ba0971
a466c0e1-30b3-4062-aeb7-3712491907c1,880b4f63-ab43-41a1-b672-9c92b711b3c2
a466c0e1-30b3-4062-aeb7-3712491907c1,0f654944-6845-44c5-aa3e-a3936880d9e1
a466c0e1-30b3-4062-aeb7-3712491907c1,274c2773-7577-4069-9d89-5acc3649b764
a466c0e1-30b3-4062-aeb7-3712491907c1,f0f86236-7ce5-42d2-bea5-63a9898cd322
a466c0e1-30b3-4062-aeb7-3712491907c1,4bdab02c-d339-4eff-bbf1-5f132cff570e
a466c0e1-30b3-4062-aeb7-3712491907c1,a9f96333-28b3-4fbe-91c4-f656ec43a4e0
a466c0e1-30b3-4062-aeb7-3712491907c1,cf459784-5680-4299-b3e8-276db00ea433
a466c0e1-30b3-4062-aeb7-3712491907c1,549dccc9-2928-48db-beb3-55e8acb19edb
a466c0e1-30b3-4062-aeb7-3712491907c1,29518bd4-02e5-4478-b73f-5b3f44e1fad7
a466c0e1-30b3-4062-aeb7-3712491907c1,aa1ab69d-9956-42cb-9316-36f58ab257bc
a466c0e1-30b3-4062-aeb7-3712491907c1,a30f7685-33db-4212-bf55-aab7a453d007
a466c0e1-30b3-4062-aeb7-3712491907c1,7ad3d853-6d98-4341-abf5-6a0092442cea
a466c0e1-30b3-4062-aeb7-3712491907c1,e49b501d-504e-413c-9eff-cd8f136e81d0
a466c0e1-30b3-4062-aeb7-3712491907c1,7b5baf7c-c902-4827-a105-3a444fb097f0
a466c0e1-30b3-4062-aeb7-3712491907c1,2a35b9ef-df03-490a-be6f-5f0fccdcbde7
a466c0e1-30b3-4062-aeb7-3712491907c1,cad19e00-e13a-4c51-a389-ce50246ed034
a466c0e1-30b3-4062-aeb7-3712491907c1,c1f470f3-8080-4a07-8e9c-fb648f75bd55
a466c0e1-30b3-4062-aeb7-3712491907c1,a35a59f2-2b36-4a36-ba62-7ef5a27a150f
a466c0e1-30b3-4062-aeb7-3712491907c1,528f770d-967f-43c2-bf18-68b133fdb93b
a466c0e1-30b3-4062-aeb7-3712491907c1,0a8a204a-8c75-4df3-a988-6eca7afda057
a466c0e1-30b3-4062-aeb7-3712491907c1,8e8ade28-606a-4862-942a-f87d2bd818dd
a466c0e1-30b3-4062-aeb7-3712491907c1,be3cf559-d347-4094-bf58-62d9260f7862
a466c0e1-30b3-4062-aeb7-3712491907c1,fc430e35-56f5-4fd4-804e-5005f5faaa63
a466c0e1-30b3-4062-aeb7-3712491907c1,1b4ddfb7-6293-4fd0-8480-2612f520773b
a466c0e1-30b3-4062-aeb7-3712491907c1,161ac7dc-e35c-442a-acac-d09df516cdb2
a466c0e1-30b3-4062-aeb7-3712491907c1,ab74b292-2053-4d43-9327-ea4f773f9e4d
a466c0e1-30b3-4062-aeb7-3712491907c1,9114c50f-bc89-4030-a1bf-ac36a18335f6
a466c0e1-30b3-4062-aeb7-3712491907c1,77fc3d1b-ccae-465e-aa0d-942ccfee3c8f
a466c0e1-30b3-4062-aeb7-3712491907c1,ed1a7536-33ff-4fb7-85d1-5ebc21c5b644
a466c0e1-30b3-4062-aeb7-3712491907c1,30cf4c34-ab93-4afc-a0c3-69669d2e7341
a466c0e1-30b3-4062-aeb7-3712491907c1,96bd7458-a09e-47fe-aafa-383c399c8fd3
a466c0e1-30b3-4062-aeb7-3712491907c1,2927173e-b13e-4d12-b58b-fb0648f0837a
a466c0e1-30b3-4062-aeb7-3712491907c1,e696717b-75a9-4be3-a0d6-62d0c0cf8555
a466c0e1-30b3-4062-aeb7-3712491907c1,597d9cc2-dfdb-4e9d-8a4b-e87b2549ba04
a466c0e1-30b3-4062-aeb7-3712491907c1,924c8ae4-9fec-4a86-9ad1-a19557368ac3
a466c0e1-30b3-4062-aeb7-3712491907c1,ce3c5da9-3584-404c-9b7e-d1a0c82dd547
a466c0e1-30b3-4062-aeb7-3712491907c1,0e2f2a2c-357e-4f71-b536-68ddac20b9ce
a466c0e1-30b3-4062-aeb7-3712491907c1,780b6229-c98e-4261-bbb9-ea6cbc6f2c61
a466c0e1-30b3-4062-aeb7-3712491907c1,7e48ad7d-c780-473c-8ebb-7874d3cfcade
a466c0e1-30b3-4062-aeb7-3712491907c1,c2042a14-8062-42f0-a943-f79f8dd8b440
a466c0e1-30b3-4062-aeb7-3712491907c1,6f709742-52e4-421e-b38c-63013753f2c9
a466c0e1-30b3-4062-aeb7-3712491907c1,f30e2e9a-8e8c-43d6-8d8a-dc3115b75a88
a466c0e1-30b3-4062-aeb7-3712491907c1,a42c7d2c-d2ba-4e5f-961b-d0ba405bdafa
a466c0e1-30b3-4062-aeb7-3712491907c1,26fcbcd0-3be2-4d5d-a2e3-69f30619a181
a466c0e1-30b3-4062-aeb7-3712491907c1,7af348ed-c87d-4a7a-8e90-2ae0d69b4332
a466c0e1-30b3-4062-aeb7-3712491907c1,8fce7746-e089-41ff-9f77-9567da4369c7
a466c0e1-30b3-4062-aeb7-3712491907c1,60fb53fd-4914-4cd1-8bbe-a4b6459d52bb
a466c0e1-30b3-4062-aeb7-3712491907c1,5ef8eef3-23e4-4bed-9303-5356a8caaceb
a466c0e1-30b3-4062-aeb7-3712491907c1,5263460f-35fd-49e1-ac72-ffeba3aa59d0
a466c0e1-30b3-4062-aeb7-3712491907c1,38e0460d-27c4-41f5-951e-0e5585cd6cbc
a466c0e1-30b3-4062-aeb7-3712491907c1,a4f78f4e-83f1-4a65-9509-934d902a004f
a466c0e1-30b3-4062-aeb7-3712491907c1,c5f41a4e-343a-456c-8e56-37a61d863477
a466c0e1-30b3-4062-aeb7-3712491907c1,3c1f3bd1-fd5a-4783-9573-92990cf146a6
a466c0e1-30b3-4062-aeb7-3712491907c1,a167392f-3783-45e7-87dd-992f37301343
a466c0e1-30b3-4062-aeb7-3712491907c1,a47ef174-7be0-448c-b6dd-6513462e8afd
a466c0e1-30b3-4062-aeb7-3712491907c1,ceed9491-f2ac-46fa-91de-dc4af98f7283
a466c0e1-30b3-4062-aeb7-3712491907c1,92082d5f-5cb4-496c-bff0-3f13307f4c8f
a466c0e1-30b3-4062-aeb7-3712491907c1,e70bbd88-9fd2-47e4-824a-f7d8badfe424
a466c0e1-30b3-4062-aeb7-3712491907c1,1951bec9-33f3-463c-99e8-a613a5ed885a
a466c0e1-30b3-4062-aeb7-3712491907c1,6ff9fce8-755b-4986-9ef8-601c598c1590
a466c0e1-30b3-4062-aeb7-3712491907c1,933e9d8a-34c8-4ef3-b762-af8fdacd130e
a466c0e1-30b3-4062-aeb7-3712491907c1,56feee20-2c31-441f-b8d4-d2ef1c327fba
a466c0e1-30b3-4062-aeb7-3712491907c1,0491e828-eaef-4a9c-b024-78c59fda4717
a466c0e1-30b3-4062-aeb7-3712491907c1,9898255d-acd7-40c0-9fe4-ad6839467e8e
a466c0e1-30b3-4062-aeb7-3712491907c1,dd389d7a-58b3-4611-bd28-0710c452181c
a466c0e1-30b3-4062-aeb7-3712491907c1,44667b7e-f555-40ca-98f5-05c31966ed23
a466c0e1-30b3-4062-aeb7-3712491907c1,90479541-6d0a-413f-9447-a1049fc5c887
a466c0e1-30b3-4062-aeb7-3712491907c1,a60ee580-f0a8-4a69-bdbe-fae3a82f5f24
a466c0e1-30b3-4062-aeb7-3712491907c1,9a054e7d-60ba-4d0e-8f59-9cbf29f1a0b9
a466c0e1-30b3-4062-aeb7-3712491907c1,59432124-981d-4f18-9b96-5a556bc52520
a466c0e1-30b3-4062-aeb7-3712491907c1,f51e15ea-60b7-44b1-b390-7c674a20a52d
a466c0e1-30b3-4062-aeb7-3712491907c1,071d3358-fce9-48f1-a784-6df27488f8b5
a466c0e1-30b3-4062-aeb7-3712491907c1,10d610f6-7780-4a5d-9119-580c2b078390
a466c0e1-30b3-4062-aeb7-3712491907c1,ff5e37b2-f35b-4775-a738-4bceca2378c6
a466c0e1-30b3-4062-aeb7-3712491907c1,a31e147c-9600-4a0e-972d-aa4a842fd4b1
a466c0e1-30b3-4062-aeb7-3712491907c1,b3d344f6-b65d-40b7-af8d-3c4841e56e8e
a466c0e1-30b3-4062-aeb7-3712491907c1,6a7c5327-e7fd-4390-ab5e-b7fe29ba761b
a466c0e1-30b3-4062-aeb7-3712491907c1,8debd30e-43eb-44f9-9f54-82978d6cc59d
a466c0e1-30b3-4062-aeb7-3712491907c1,b847b2f5-8076-43a0-9e18-fde66579b1d3
a466c0e1-30b3-4062-aeb7-3712491907c1,ecc7ee1f-1414-472e-b1be-5343181864d1
a466c0e1-30b3-4062-aeb7-3712491907c1,a889a8ca-8060-48d4-90bd-dd6ac9336266
a466c0e1-30b3-4062-aeb7-3712491907c1,b6377f88-bc3f-4666-9c93-afeb2ba178dc
a466c0e1-30b3-4062-aeb7-3712491907c1,f9db0810-6d7b-43a3-91aa-f810c9f583f7
a466c0e1-30b3-4062-aeb7-3712491907c1,2b4deee7-9baa-4890-a953-8e76777c2154
a466c0e1-30b3-4062-aeb7-3712491907c1,c76a97bd-5651-4db9-a47b-ce0692817528
a466c0e1-30b3-4062-aeb7-3712491907c1,6c085e3b-55a6-413f-bb3f-b3b8547e063d
a466c0e1-30b3-4062-aeb7-3712491907c1,4ed69e50-7528-4b94-8f34-600f38f900f0
a466c0e1-30b3-4062-aeb7-3712491907c1,6bd6914c-89ca-4272-bc76-0776e8878504
a466c0e1-30b3-4062-aeb7-3712491907c1,24cd66f8-85ca-40b2-aa0f-589dd5821f29
a466c0e1-30b3-4062-aeb7-3712491907c1,cf7a9bd1-b24a-42f7-97b9-d0700704b441
a466c0e1-30b3-4062-aeb7-3712491907c1,dd7172ca-f7d8-4eef-8c1c-f4110bd192bf
a466c0e1-30b3-4062-aeb7-3712491907c1,a2b8e222-0551-46ea-8d6e-2e82ec9205bb
a466c0e1-30b3-4062-aeb7-3712491907c1,c2d26415-0a5a-4af8-a8c9-69d7642e97aa
a466c0e1-30b3-4062-aeb7-3712491907c1,711da505-b0da-4ceb-babe-6395503f50f7
a466c0e1-30b3-4062-aeb7-3712491907c1,774ed9a8-98a1-46b9-98a6-ab7c6ac84e42
a466c0e1-30b3-4062-aeb7-3712491907c1,8c1a3c30-af3d-468c-a37a-a8aecd03df2c
a466c0e1-30b3-4062-aeb7-3712491907c1,8b55ca42-6c3a-4dbd-8ab4-c8cced48fc2d
a466c0e1-30b3-4062-aeb7-3712491907c1,760eb7f7-2a37-4ff2-bf85-8ce9a0ee2bc1
a466c0e1-30b3-4062-aeb7-3712491907c1,ee60673e-8001-4b74-b60d-9f1f5e15d293
a466c0e1-30b3-4062-aeb7-3712491907c1,465d675d-3f07-4685-b84a-b2c6ea08abb0
a466c0e1-30b3-4062-aeb7-3712491907c1,e9f2e5fe-8e09-45de-aaaa-b1593f3db72f
a466c0e1-30b3-4062-aeb7-3712491907c1,00ee20d8-b696-43d8-88b0-3dddb140eefa
a466c0e1-30b3-4062-aeb7-3712491907c1,340aa819-122f-4e31-afa2-3e3038ac401f
a466c0e1-30b3-4062-aeb7-3712491907c1,025ffe4e-65b7-4fe7-9851-9fbba69237d2
a466c0e1-30b3-4062-aeb7-3712491907c1,539343cc-d584-4355-8979-5167c3076c3f
a466c0e1-30b3-4062-aeb7-3712491907c1,1c4de274-e5ed-4d9d-acfb-c881d999ead5
a466c0e1-30b3-4062-aeb7-3712491907c1,0c7dc43b-d2a2-4685-bf9e-8a1cc02ae28b
a466c0e1-30b3-4062-aeb7-3712491907c1,2b236940-f407-482a-b037-35bbc3841f0f
a466c0e1-30b3-4062-aeb7-3712491907c1,7fe4e49f-c76b-46c0-a16f-222c7e36ed97
a466c0e1-30b3-4062-aeb7-3712491907c1,0e4b1396-b34c-47aa-b763-6d0ce787de92
a466c0e1-30b3-4062-aeb7-3712491907c1,a7948552-0d8e-4c5e-bf2f-c7bf35722746
a466c0e1-30b3-4062-aeb7-3712491907c1,c7c374f6-be44-42f8-a965-6a3b7c9226df
a466c0e1-30b3-4062-aeb7-3712491907c1,9ea4d1b1-3b64-4cbe-8fdd-e6e1504df490
a466c0e1-30b3-4062-aeb7-3712491907c1,d666e2b1-2261-41eb-ac68-0a37403ff743
a466c0e1-30b3-4062-aeb7-3712491907c1,ef417bc0-ca62-4843-a1bb-a46d4e318478
a466c0e1-30b3-4062-aeb7-3712491907c1,909757bb-53c6-479f-9123-b96ec80e8d8d
a466c0e1-30b3-4062-aeb7-3712491907c1,e8e0b757-ab2e-4c29-b2b6-f2bcbee4e721
a466c0e1-30b3-4062-aeb7-3712491907c1,26473ddf-0a6a-4d37-a05f-cfafdf3c736f
a466c0e1-30b3-4062-aeb7-3712491907c1,faf871f5-42b7-453a-af02-8a1d8a7a6bec
a466c0e1-30b3-4062-aeb7-3712491907c1,2082ae95-8d88-447f-9b67-f29c78e3178b
a466c0e1-30b3-4062-aeb7-3712491907c1,0e012500-41d7-4b62-86ce-7f743b3eff12
a466c0e1-30b3-4062-aeb7-3712491907c1,a0f3bc91-9871-49f1-939a-42af157cd95a
a466c0e1-30b3-4062-aeb7-3712491907c1,e1bad353-afda-44a0-8f14-89b666eb5643
a466c0e1-30b3-4062-aeb7-3712491907c1,1e652672-55f9-4db6-af69-75be2521d502
a466c0e1-30b3-4062-aeb7-3712491907c1,a02c6df9-fefe-4ea1-adfc-1489e0165a7a
a466c0e1-30b3-4062-aeb7-3712491907c1,75c0ce6f-a126-479b-9ea0-bfe63bda8505
a466c0e1-30b3-4062-aeb7-3712491907c1,67b2a374-54df-449d-9657-dcf20615c567
a466c0e1-30b3-4062-aeb7-3712491907c1,74d7a3c3-3721-452d-9a24-518f7906a603
a466c0e1-30b3-4062-aeb7-3712491907c1,e938678e-bfab-4305-9b00-a26cd88e9ffb
a466c0e1-30b3-4062-aeb7-3712491907c1,4e52044c-b2f6-46bf-b9d8-6197707691e8
a466c0e1-30b3-4062-aeb7-3712491907c1,2bf6db10-4b75-4d0c-beb0-809443beafe8
a466c0e1-30b3-4062-aeb7-3712491907c1,be9209da-a4ab-403f-991f-8ed7d509e2f9
a466c0e1-30b3-4062-aeb7-3712491907c1,ea78f908-cb0f-4578-98af-af586de12461
a466c0e1-30b3-4062-aeb7-3712491907c1,9adfa15b-6a78-4c6b-895c-4bfe9fc462cf
a466c0e1-30b3-4062-aeb7-3712491907c1,a18716e3-1307-423f-9a5e-5da4b37fbdf0
a466c0e1-30b3-4062-aeb7-3712491907c1,f8af4e7d-6e07-4aa5-ba19-88bd9cabd87d
a466c0e1-30b3-4062-aeb7-3712491907c1,6101b8f4-cf29-4e4a-a95e-df92362c544e
a466c0e1-30b3-4062-aeb7-3712491907c1,51c475ba-cb86-4a74-9bad-19a14ebd9c4b
a466c0e1-30b3-4062-aeb7-3712491907c1,90e71795-d6af-4629-be6a-5aa0c24caa55
a466c0e1-30b3-4062-aeb7-3712491907c1,ea1c591b-a224-49ad-8bd5-5deecd26edc3
a466c0e1-30b3-4062-aeb7-3712491907c1,010460fa-d238-4ce9-8731-a3c26acff10d
a466c0e1-30b3-4062-aeb7-3712491907c1,a2fa0e7c-012c-4758-9387-4ea8229134a0
a466c0e1-30b3-4062-aeb7-3712491907c1,af6da58e-7100-4e85-a8dc-335fc2bc0001
a466c0e1-30b3-4062-aeb7-3712491907c1,5f21ecf4-52a4-47fc-a424-5da1278a3e1f
a466c0e1-30b3-4062-aeb7-3712491907c1,02ffa74d-00cd-4cd0-aae8-dbb96e644704
a466c0e1-30b3-4062-aeb7-3712491907c1,5452e98e-b56f-4f6d-8979-455c16a93e7e
a466c0e1-30b3-4062-aeb7-3712491907c1,c60d87c6-445d-43f3-8d30-f81f44d027dc
a466c0e1-30b3-4062-aeb7-3712491907c1,add365af-03c3-4054-8641-44e96afff4f5
a466c0e1-30b3-4062-aeb7-3712491907c1,5056594c-7de0-43d5-b2b8-a705b179c20d
a466c0e1-30b3-4062-aeb7-3712491907c1,12f0dc4f-bfcf-47a1-88b5-91ec83f46af8
a466c0e1-30b3-4062-aeb7-3712491907c1,f088261b-dfa4-4f4a-9b3a-c7c3d74cffe8
a466c0e1-30b3-4062-aeb7-3712491907c1,e5e4cf0b-b6a4-48c4-ab90-b1c91f25dbbe
3707373c-739c-485c-8f21-ee03dda36cef,b5ed54e1-1fca-408c-a49b-70ed093682c9
3707373c-739c-485c-8f21-ee03dda36cef,0a5cc9ce-ba44-43aa-b195-29b9ae0fbc51
3707373c-739c-485c-8f21-ee03dda36cef,bca6d119-66ef-40cf-a9d4-d939c7f5f7a4
3707373c-739c-485c-8f21-ee03dda36cef,8141727c-444b-4495-ae3b-ba242d7a0f01
3707373c-739c-485c-8f21-ee03dda36cef,6ad72c35-8a5d-4624-aec9-8c88c650c56a
3707373c-739c-485c-8f21-ee03dda36cef,70ccc36c-f038-4149-a877-1dc9ad1c60b8
3707373c-739c-485c-8f21-ee03dda36cef,bf022bd2-c33b-471e-bc5e-77c39e112f7b
3707373c-739c-485c-8f21-ee03dda36cef,8f3f8944-2ffc-4055-b685-691c7abac8c6
3707373c-739c-485c-8f21-ee03dda36cef,6ddebe50-4d23-4f20-ae6e-650b3ff1612f
3707373c-739c-485c-8f21-ee03dda36cef,232ce3c0-2c4e-4511-b88c-dd17a16baf3d
3707373c-739c-485c-8f21-ee03dda36cef,71751cb0-378a-4d6b-b1a2-c7a8bdc13a88
3707373c-739c-485c-8f21-ee03dda36cef,f3be448d-210c-4a70-a1ac-f655659d912d
3707373c-739c-485c-8f21-ee03dda36cef,3b9f3514-2008-4b21-9d41-c517348e5861
3707373c-739c-485c-8f21-ee03dda36cef,7cbb2989-aefa-4dca-bc91-973c3815ee82
3707373c-739c-485c-8f21-ee03dda36cef,c9901e9b-7ad4-4d2a-9412-2010d84b83ba
3707373c-739c-485c-8f21-ee03dda36cef,4f085fd5-ed18-486b-8b68-e668434857be
3707373c-739c-485c-8f21-ee03dda36cef,5dca76ce-8ca4-41ba-882a-ef4680ce5390
3707373c-739c-485c-8f21-ee03dda36cef,26a61768-b82d-442e-ad6d-7f5931c8909f
3707373c-739c-485c-8f21-ee03dda36cef,3edf2961-bdc7-4b30-832f-dc175804c9ec
3707373c-739c-485c-8f21-ee03dda36cef,db9055c3-82a9-4a04-aca2-7e2594f029bf
3707373c-739c-485c-8f21-ee03dda36cef,8d322222-263a-4416-a9e5-23e070caea74
3707373c-739c-485c-8f21-ee03dda36cef,610a4d96-6f7f-4b3d-8cd0-58e14bad7caa
3707373c-739c-485c-8f21-ee03dda36cef,b7886d64-5af6-46f8-9e05-12425fbfd5fc
3707373c-739c-485c-8f21-ee03dda36cef,b43a7c9b-3c33-43ca-a30c-52a92e2df1de
3707373c-739c-485c-8f21-ee03dda36cef,aa1dbe9a-a967-4606-a166-a66592cef7cb
3707373c-739c-485c-8f21-ee03dda36cef,5af86c79-5403-4bd4-9280-bd7cb0cfdbb7
3707373c-739c-485c-8f21-ee03dda36cef,0f9ffcf5-79e2-46df-9a16-e32e191c7167
3707373c-739c-485c-8f21-ee03dda36cef,f63cfeb5-f629-4ea3-bc31-a72308d543e7
3707373c-739c-485c-8f21-ee03dda36cef,746d4a9c-440d-47f8-9bc4-cc76f7ea941a
3707373c-739c-485c-8f21-ee03dda36cef,c3df837a-f299-44a5-acc4-33d33cb83752
3707373c-739c-485c-8f21-ee03dda36cef,568ce939-7e09-4167-9daf-2667f87d6a00
3707373c-739c-485c-8f21-ee03dda36cef,accc6945-6ee1-4c78-bfaa-675406c3ed8e
3707373c-739c-485c-8f21-ee03dda36cef,4506c0d5-ea85-41ab-a3ad-4058e4991028
3707373c-739c-485c-8f21-ee03dda36cef,d45a2cb3-f83f-400a-aab5-13eb0326a3b6
3707373c-739c-485c-8f21-ee03dda36cef,86247eaa-3398-4ac1-be17-db1a44818627
a466c0e1-30b3-4062-aeb7-3712491907c1,6138efdc-46d3-48a4-bd96-ded46dca6e45
a466c0e1-30b3-4062-aeb7-3712491907c1,30784d4f-0b41-4c36-be81-265afba8fe46
a466c0e1-30b3-4062-aeb7-3712491907c1,74e6c0ce-ad83-4044-bbf6-aeb3755431ad
a466c0e1-30b3-4062-aeb7-3712491907c1,fc35ba2e-b5c1-49f4-9349-cd7ece7c8788
a466c0e1-30b3-4062-aeb7-3712491907c1,d3f16bc6-aeec-407f-b689-37077bb3fb15
a466c0e1-30b3-4062-aeb7-3712491907c1,1a04faf6-91db-41b2-a800-57b4bafc11b1
a466c0e1-30b3-4062-aeb7-3712491907c1,2b398135-35ad-46b8-879e-45ce7e49c8b4
a466c0e1-30b3-4062-aeb7-3712491907c1,3ca79aa7-70f6-457e-baa2-cd40fe80dd4c
a466c0e1-30b3-4062-aeb7-3712491907c1,3f80b511-f64b-4fc7-95ba-593e26a4b12f
a466c0e1-30b3-4062-aeb7-3712491907c1,95ff1156-59de-47eb-8d38-f2134b870e2a
a466c0e1-30b3-4062-aeb7-3712491907c1,51e25b4f-ad60-4f5f-8686-5576b3307e87
a466c0e1-30b3-4062-aeb7-3712491907c1,8687f24d-a3ab-4abf-a1db-c8c21e1474d0
a466c0e1-30b3-4062-aeb7-3712491907c1,746e6884-ab3a-4282-a15f-378a9c0f4e65
a466c0e1-30b3-4062-aeb7-3712491907c1,6f118787-1b37-433e-b0e5-db553861e2f1
a466c0e1-30b3-4062-aeb7-3712491907c1,50bb22b9-e598-4dad-b311-2063e64f77fb
a466c0e1-30b3-4062-aeb7-3712491907c1,5b6a2a6d-928d-4946-8462-6b411b7684e0
a466c0e1-30b3-4062-aeb7-3712491907c1,65ba4e0d-9518-4bfe-8e7c-4677f2aef0eb
a466c0e1-30b3-4062-aeb7-3712491907c1,d20d6ce3-bd75-481a-bb03-98644d7e412f
a466c0e1-30b3-4062-aeb7-3712491907c1,49c7bdde-5dc6-41fb-aed0-ce13647d93be
a466c0e1-30b3-4062-aeb7-3712491907c1,c289423a-b0fd-4fe4-ad15-766484ae021f
a466c0e1-30b3-4062-aeb7-3712491907c1,7aa349f0-a49e-40ff-9ed8-9a735357786f
a466c0e1-30b3-4062-aeb7-3712491907c1,c7bdb26d-c4ee-481e-a003-0e47b3956507
a466c0e1-30b3-4062-aeb7-3712491907c1,9f9b0e9b-cd23-4059-aabb-fc035b350aba
a466c0e1-30b3-4062-aeb7-3712491907c1,ffd01cc3-65cf-4542-afbf-ba2dafe28738
a466c0e1-30b3-4062-aeb7-3712491907c1,fe3d018c-cb6c-449d-a4e5-c622291f21fc
a466c0e1-30b3-4062-aeb7-3712491907c1,c2d82c84-ab0e-4dc8-b008-9901269c91d9
a466c0e1-30b3-4062-aeb7-3712491907c1,56d1b894-8402-4f8b-b065-94bc19391650
a466c0e1-30b3-4062-aeb7-3712491907c1,d93c1399-a475-4bb1-91f1-a2c922583e46
a466c0e1-30b3-4062-aeb7-3712491907c1,b1563552-83b2-41ee-a4d1-90e7dba1b5b1
a466c0e1-30b3-4062-aeb7-3712491907c1,203e1181-fdec-4d00-ac65-d13ec26889fd
a466c0e1-30b3-4062-aeb7-3712491907c1,8ccd7c01-bb24-4ec8-8e50-57f3b179fc5a
a466c0e1-30b3-4062-aeb7-3712491907c1,11ae9b59-4e93-4af7-9c57-b20187db4df8
a466c0e1-30b3-4062-aeb7-3712491907c1,9baca4c7-2cdc-469e-af6b-a6345787cc1c
a466c0e1-30b3-4062-aeb7-3712491907c1,9df06c76-502f-4ab4-bcba-3b17857e274b
a466c0e1-30b3-4062-aeb7-3712491907c1,dcdac01c-8a13-42b9-a481-b48ed0a508ec
a466c0e1-30b3-4062-aeb7-3712491907c1,fc6ff012-f4f3-46f9-a72e-ff6cc31cd84c
a466c0e1-30b3-4062-aeb7-3712491907c1,e4718b95-c3b8-49c4-bd74-462066d2081b
a466c0e1-30b3-4062-aeb7-3712491907c1,38f943de-2fb3-42b5-81d1-61f172f2c1f5
a466c0e1-30b3-4062-aeb7-3712491907c1,f3349e62-8ee4-4454-be16-e669acb92bc5
a466c0e1-30b3-4062-aeb7-3712491907c1,56807ec6-267f-41be-9461-9d147c2154be
a466c0e1-30b3-4062-aeb7-3712491907c1,8d33e051-502e-49e5-9b54-4a2773c623ba
a466c0e1-30b3-4062-aeb7-3712491907c1,97f682d3-a483-4371-8c72-7334ccde5651
a466c0e1-30b3-4062-aeb7-3712491907c1,3fbb684d-a85b-46b4-a1b9-4cfbf967e2d3
a466c0e1-30b3-4062-aeb7-3712491907c1,c8ae24b9-1391-455f-b3c1-85197774b7ef
a466c0e1-30b3-4062-aeb7-3712491907c1,b73fce08-4dba-4876-8556-26e95a4906d6
a466c0e1-30b3-4062-aeb7-3712491907c1,f91a54e4-543c-4e49-9778-bbf6484a151a
a466c0e1-30b3-4062-aeb7-3712491907c1,049f060e-517d-411b-a5c5-3eeaaf7d2b76
a466c0e1-30b3-4062-aeb7-3712491907c1,70e6b8e1-97b6-402f-b1ce-bc879b28ec9e
a466c0e1-30b3-4062-aeb7-3712491907c1,83fb8527-9afb-42f6-ad49-52dd1e788cc7
a466c0e1-30b3-4062-aeb7-3712491907c1,2cb1640c-2d0c-45ab-8ac6-de2028ed8e4f
a466c0e1-30b3-4062-aeb7-3712491907c1,ef8f0007-a3c6-4977-bc50-4d12b208732b
a466c0e1-30b3-4062-aeb7-3712491907c1,1bd6ceb1-c23f-49b9-a1d4-7ccfeab7df1e
a466c0e1-30b3-4062-aeb7-3712491907c1,2af44c64-8e4f-447f-8297-68ead57d2991
a466c0e1-30b3-4062-aeb7-3712491907c1,12d0ced7-7e0a-4ce9-870c-672ae7229de9
a466c0e1-30b3-4062-aeb7-3712491907c1,be946885-70c9-4f6e-9947-71ce82ac6937
a466c0e1-30b3-4062-aeb7-3712491907c1,cb7b65b7-be81-4db3-af66-fb2ccf217164
a466c0e1-30b3-4062-aeb7-3712491907c1,b77307c6-aca7-4e22-adc2-343f5383f067
a466c0e1-30b3-4062-aeb7-3712491907c1,2d9791ce-c0fc-4c1a-b4a2-b3c14a06962c
a466c0e1-30b3-4062-aeb7-3712491907c1,983f61c8-a3da-4d5d-9a7b-0443cab537fb
a466c0e1-30b3-4062-aeb7-3712491907c1,e1c38111-4320-42c4-8c9b-ca628925219f
a466c0e1-30b3-4062-aeb7-3712491907c1,18682481-787e-4062-a6fe-78705d60e437
a466c0e1-30b3-4062-aeb7-3712491907c1,e33b43f4-d964-4c24-a1d5-1960ea92b2c8
a466c0e1-30b3-4062-aeb7-3712491907c1,e594e6a1-0ac7-41d1-9abf-295533e68fb7
a466c0e1-30b3-4062-aeb7-3712491907c1,1c8120fe-943c-4dde-8b39-66233da406be
a466c0e1-30b3-4062-aeb7-3712491907c1,a0ce06f1-8fca-4a41-9f57-9c54d1e7d47a
a466c0e1-30b3-4062-aeb7-3712491907c1,db39ca86-d7ee-42aa-97fd-b413a31ba97f
a466c0e1-30b3-4062-aeb7-3712491907c1,0fe44141-c40e-4583-8e21-adcecb417347
a466c0e1-30b3-4062-aeb7-3712491907c1,a532cbd7-c407-4086-a96c-8f02b0f0a689
a466c0e1-30b3-4062-aeb7-3712491907c1,7d064621-9140-4848-abbc-713354c51f9b
a466c0e1-30b3-4062-aeb7-3712491907c1,3118c2f9-2d16-4b8b-9a3a-c47ddacd2db6
a466c0e1-30b3-4062-aeb7-3712491907c1,2d9d42d1-3ddc-41e5-bdbb-b422133856c9
a466c0e1-30b3-4062-aeb7-3712491907c1,3d16a422-b6fe-4c62-8975-99ff4d526fbc
a466c0e1-30b3-4062-aeb7-3712491907c1,9b07c4a6-25a1-46d0-916c-f302ac99a3c4
3707373c-739c-485c-8f21-ee03dda36cef,8895e3cf-0adf-4215-9dcc-39e35901889d
3707373c-739c-485c-8f21-ee03dda36cef,377d73d9-93c1-43e8-a52a-ef2acd0a1b0b
3707373c-739c-485c-8f21-ee03dda36cef,27483653-84f0-4136-a031-39d3003688da
3707373c-739c-485c-8f21-ee03dda36cef,2a953898-c93c-4cde-b3bb-4ddbde7bbba9
3707373c-739c-485c-8f21-ee03dda36cef,1bcf68b1-f94f-417f-a4e3-e8920411352f
3707373c-739c-485c-8f21-ee03dda36cef,25a9b44d-ab6d-400b-95b2-f989a839d3ba
3707373c-739c-485c-8f21-ee03dda36cef,5240f0e9-71a2-4925-a47d-953b4dde2add
3707373c-739c-485c-8f21-ee03dda36cef,0a3ec7a2-e3db-4ed1-b4c3-ef0695bf12a8
3707373c-739c-485c-8f21-ee03dda36cef,2ed2c073-be76-4125-b071-8c52fa7369f5
3707373c-739c-485c-8f21-ee03dda36cef,80a009af-8a43-45a7-bebc-9f5a36982f4b
3707373c-739c-485c-8f21-ee03dda36cef,fd1be077-dc85-416c-82fa-5bbbe2831da0
3707373c-739c-485c-8f21-ee03dda36cef,79dadcaf-fa81-4cc0-80db-820c8aacdafc
3707373c-739c-485c-8f21-ee03dda36cef,c30d33c5-f870-4ec5-a683-92552369430b
3707373c-739c-485c-8f21-ee03dda36cef,43a31ee3-073e-47ba-b12e-6e20af13a784
3707373c-739c-485c-8f21-ee03dda36cef,c3b995c4-f327-41e3-b4a6-636e38b29273
3707373c-739c-485c-8f21-ee03dda36cef,de361b40-b018-45e3-970b-28b7244198fe
3707373c-739c-485c-8f21-ee03dda36cef,0fe82c0e-b9d4-4594-814f-ee43c9fe7452
3707373c-739c-485c-8f21-ee03dda36cef,8d07f57e-00ec-437d-8d1a-3934dd836c1e
3707373c-739c-485c-8f21-ee03dda36cef,18816a6d-5cb0-4917-a1c8-112a5f5b93bc
3707373c-739c-485c-8f21-ee03dda36cef,1d09aaff-8476-4fcd-8244-c68e1713ffff
3707373c-739c-485c-8f21-ee03dda36cef,b6ed9556-6432-41b5-a3b2-bb68957d26e1
3707373c-739c-485c-8f21-ee03dda36cef,a3d5a2c3-22b7-4a04-b794-e014fb945a94
3707373c-739c-485c-8f21-ee03dda36cef,79efc688-94fe-489b-8a89-ae8c2541cdf9
3707373c-739c-485c-8f21-ee03dda36cef,52a4acc3-e67e-4662-b479-d16fd4d16f0d
a466c0e1-30b3-4062-aeb7-3712491907c1,36cd8752-1cb6-4c60-b53c-d509f5aa855b
a466c0e1-30b3-4062-aeb7-3712491907c1,6f1f78f6-9b36-448e-8e11-3488cdc0e66e
a466c0e1-30b3-4062-aeb7-3712491907c1,25bf9591-96c5-4642-ba5f-035dd357821c
a466c0e1-30b3-4062-aeb7-3712491907c1,461b1175-d8b0-43fa-bd65-a25b5e12d24b
a466c0e1-30b3-4062-aeb7-3712491907c1,38a67a18-f5d0-4257-b683-97cb878e6e54
a466c0e1-30b3-4062-aeb7-3712491907c1,3344de66-cfc9-4fc9-9257-008770503ce6
a466c0e1-30b3-4062-aeb7-3712491907c1,d4208539-0d44-4ae0-b429-089a26438ab6
a466c0e1-30b3-4062-aeb7-3712491907c1,9979441d-eb81-4ce4-b8ff-d8fb5de01215
a466c0e1-30b3-4062-aeb7-3712491907c1,c28e850f-f18c-4eef-89bf-f68551dd250a
a466c0e1-30b3-4062-aeb7-3712491907c1,aa5b1e70-70e0-421c-81a6-1a6b8f79003e
a466c0e1-30b3-4062-aeb7-3712491907c1,519fa8d4-3efc-4b30-a096-f2f9486ab2b0
a466c0e1-30b3-4062-aeb7-3712491907c1,dfa45463-98c1-4251-882d-f108ac8e80a3
a466c0e1-30b3-4062-aeb7-3712491907c1,e021916f-7b43-4f39-8e2e-064f08b962b8
a466c0e1-30b3-4062-aeb7-3712491907c1,2679ce2c-cdff-41a8-86e7-7e3b4a9321f4
a466c0e1-30b3-4062-aeb7-3712491907c1,cccf9c7c-a801-4843-a604-16e203a93eaa
a466c0e1-30b3-4062-aeb7-3712491907c1,1fdba8dc-1f68-4413-b444-0f67820b6983
a466c0e1-30b3-4062-aeb7-3712491907c1,ee3ea84e-9d57-4bd9-a12b-0bc4597d2805
a466c0e1-30b3-4062-aeb7-3712491907c1,b9c86051-8975-4bfa-ad6a-de0d32358320
a466c0e1-30b3-4062-aeb7-3712491907c1,8fcd2a39-0a6c-431a-b01a-a19efefc689e
a466c0e1-30b3-4062-aeb7-3712491907c1,29ce500d-4f15-4a6e-a684-6b85b9fcb1c6
a466c0e1-30b3-4062-aeb7-3712491907c1,69546afc-bf0d-44e7-aec1-2663cf2115bc
a466c0e1-30b3-4062-aeb7-3712491907c1,e4937910-d117-4b11-8bba-50b0e2dd7349
a466c0e1-30b3-4062-aeb7-3712491907c1,8511d7bd-fae2-4cad-976c-cabf71b46d74
a466c0e1-30b3-4062-aeb7-3712491907c1,b0098845-8719-4116-b838-7a1e47d4966b
a466c0e1-30b3-4062-aeb7-3712491907c1,a8398dff-1177-4c14-a4f8-5e62552fd7a8
a466c0e1-30b3-4062-aeb7-3712491907c1,6ac3b376-269c-41d1-ab27-86ec3e7f89a4
a466c0e1-30b3-4062-aeb7-3712491907c1,9a3dd60b-8a94-4b97-8b28-e75877f4cc34
a466c0e1-30b3-4062-aeb7-3712491907c1,87257921-37d6-4648-bfb6-9fec0583dbca
a466c0e1-30b3-4062-aeb7-3712491907c1,973229a2-61df-471f-acdf-a60ce5c0caf6
a466c0e1-30b3-4062-aeb7-3712491907c1,1b931c54-82f1-4aad-bd92-916ff9bbd6ae
a466c0e1-30b3-4062-aeb7-3712491907c1,6f3d2c95-bd30-47fd-b917-557f8f509bfe
a466c0e1-30b3-4062-aeb7-3712491907c1,2933e4ae-8bc3-4578-99e0-2a58cdd47775
a466c0e1-30b3-4062-aeb7-3712491907c1,83e4f932-c7dc-4a5c-a4fa-ea5e78dce615
a466c0e1-30b3-4062-aeb7-3712491907c1,7a811886-267b-4abe-95ae-f88969af2941
a466c0e1-30b3-4062-aeb7-3712491907c1,7e319cd3-508a-4e81-a357-c17f6265ed4d
a466c0e1-30b3-4062-aeb7-3712491907c1,e6da3347-4c00-4cdf-aff6-9e06ad6763fe
a466c0e1-30b3-4062-aeb7-3712491907c1,16df80e6-091b-4095-9518-0f623cf561c0
a466c0e1-30b3-4062-aeb7-3712491907c1,44236cf7-3b55-40ae-b2c0-14e15c4099ad
a466c0e1-30b3-4062-aeb7-3712491907c1,b6fca1bd-f835-4c62-8352-1eff1a165a82
a466c0e1-30b3-4062-aeb7-3712491907c1,912740d8-a8c5-4db2-8c94-63f1decfb706
a466c0e1-30b3-4062-aeb7-3712491907c1,ae93236b-cc80-4722-b0da-d59f30f7bfdb
a466c0e1-30b3-4062-aeb7-3712491907c1,8b7f63c5-c93e-497b-af2e-564cfa2d8d30
a466c0e1-30b3-4062-aeb7-3712491907c1,63cb3016-5d7c-4c7b-8206-30a8a4e57d1f
a466c0e1-30b3-4062-aeb7-3712491907c1,93a20cf7-f308-48d6-8ff7-103740a0b58b
a466c0e1-30b3-4062-aeb7-3712491907c1,7d6bbd9b-e957-428c-a2bf-74958f513f44
a466c0e1-30b3-4062-aeb7-3712491907c1,0b24d68b-0b72-4f4e-a0a3-ce93543d0fe0
a466c0e1-30b3-4062-aeb7-3712491907c1,c8aeb8aa-c7a6-414b-b0e5-03eff42244f7
a466c0e1-30b3-4062-aeb7-3712491907c1,00239f7c-8df7-441f-a397-ddcc8ec47dd5
a466c0e1-30b3-4062-aeb7-3712491907c1,f055ea80-ef29-4df0-9125-e7eb005606c8
a466c0e1-30b3-4062-aeb7-3712491907c1,6cd51c47-e927-4f72-b1b9-a24c4c2c5ab1
a466c0e1-30b3-4062-aeb7-3712491907c1,22a55941-97d1-42cb-8d10-052e16c72ab5
a466c0e1-30b3-4062-aeb7-3712491907c1,f1c7deb2-46ef-4993-845b-c9f20a532611
a466c0e1-30b3-4062-aeb7-3712491907c1,b98b300c-f08f-4310-b3ef-086755650ae2
a466c0e1-30b3-4062-aeb7-3712491907c1,c7560e83-e3f5-4687-bee7-77852c7db2f8
a466c0e1-30b3-4062-aeb7-3712491907c1,184d2192-93f9-4221-b71d-282c46dad5cd
a466c0e1-30b3-4062-aeb7-3712491907c1,2e210dac-966d-41f8-9c27-46f939b497d7
a466c0e1-30b3-4062-aeb7-3712491907c1,46d2a90f-a654-44be-b665-de8e3aecfc00
a466c0e1-30b3-4062-aeb7-3712491907c1,edf4f09b-a867-42ea-be2f-925c46631850
a466c0e1-30b3-4062-aeb7-3712491907c1,c654c574-b7c1-4723-8781-91d70189b2e8
a466c0e1-30b3-4062-aeb7-3712491907c1,02177f3a-8677-4c96-bc44-307d00da0918
a466c0e1-30b3-4062-aeb7-3712491907c1,9c243799-e643-4082-8cb8-6e13a4cab1af
a466c0e1-30b3-4062-aeb7-3712491907c1,5ff3d005-768a-4caa-9df7-73ee3dd04c8f
a466c0e1-30b3-4062-aeb7-3712491907c1,14d01440-4607-40a9-b7d6-23fa35521fd1
a466c0e1-30b3-4062-aeb7-3712491907c1,0fd7b561-6775-4be6-88cc-66429172a0e1
a466c0e1-30b3-4062-aeb7-3712491907c1,d07b0f67-51ae-46ad-bd81-e3cc7101558a
a466c0e1-30b3-4062-aeb7-3712491907c1,1a6b30f9-eec4-470e-8974-718986baee8f
a466c0e1-30b3-4062-aeb7-3712491907c1,632bfcf8-3525-4546-8d03-64315ee3dded
a466c0e1-30b3-4062-aeb7-3712491907c1,17ae371f-91e9-498c-be99-52db63c9dba4
a466c0e1-30b3-4062-aeb7-3712491907c1,9c1a2862-3769-4734-808a-76ba55439882
a466c0e1-30b3-4062-aeb7-3712491907c1,c38ef97f-98b3-49ec-bf8a-c054346092f4
a466c0e1-30b3-4062-aeb7-3712491907c1,2823f306-51ec-49df-81fd-742e40de90f9
a466c0e1-30b3-4062-aeb7-3712491907c1,f9633c8c-c9a6-4df1-aa86-cc36dbd4910a
a466c0e1-30b3-4062-aeb7-3712491907c1,e2b20f4c-9b52-4b36-9769-f12fa1f2c7b0
a466c0e1-30b3-4062-aeb7-3712491907c1,d3f7dfd1-564f-4f09-82c1-f1e56cf10d0e
a466c0e1-30b3-4062-aeb7-3712491907c1,ff8d4c08-83c2-4869-a8f2-8b580f914730
a466c0e1-30b3-4062-aeb7-3712491907c1,e4fed0fa-d91a-4998-8f40-9c77af2f2e34
a466c0e1-30b3-4062-aeb7-3712491907c1,093fed1d-93df-4edb-8285-9e9facca004c
a466c0e1-30b3-4062-aeb7-3712491907c1,7931c39e-0d11-4786-bfd3-21a25f9acded
a466c0e1-30b3-4062-aeb7-3712491907c1,92824d61-d496-489f-9023-8bd943d408f8
a466c0e1-30b3-4062-aeb7-3712491907c1,772210fc-94e9-427b-b75f-ca19fcdf94ae
a466c0e1-30b3-4062-aeb7-3712491907c1,b7411baf-67ce-41f5-bffc-44f7410b462e
a466c0e1-30b3-4062-aeb7-3712491907c1,7261a0c0-2183-4497-88fe-b922540c63c8
a466c0e1-30b3-4062-aeb7-3712491907c1,efe8762d-435e-4775-877a-c29a620533c9
a466c0e1-30b3-4062-aeb7-3712491907c1,d93cfd0b-354f-4227-84bd-3907525d5aeb
a466c0e1-30b3-4062-aeb7-3712491907c1,0ca3717e-ce44-4352-a2d7-c3e6d999e5cb
a466c0e1-30b3-4062-aeb7-3712491907c1,80d879a5-03cb-4859-923f-c0973674b1bf
a466c0e1-30b3-4062-aeb7-3712491907c1,a20f6b42-0a8d-4dd7-b4a9-1e6bd4282968
a466c0e1-30b3-4062-aeb7-3712491907c1,c570ce98-32bb-4115-8595-9fcfe71b8451
a466c0e1-30b3-4062-aeb7-3712491907c1,3199f6aa-3fcb-4058-9d7b-9a8fc0c84cb5
a466c0e1-30b3-4062-aeb7-3712491907c1,9882f635-aacb-420c-93eb-f2ceffbcbc1e
a466c0e1-30b3-4062-aeb7-3712491907c1,7b9e3b8a-964e-41e4-98db-62a558fc7742
a466c0e1-30b3-4062-aeb7-3712491907c1,491c015f-07d0-4dcb-85ee-8c2b916df969
a466c0e1-30b3-4062-aeb7-3712491907c1,498363b4-128e-40c5-98aa-cbbd9ae5175e
a466c0e1-30b3-4062-aeb7-3712491907c1,fa9c46ca-b8c9-40de-9d5e-19ea55f185d5
a466c0e1-30b3-4062-aeb7-3712491907c1,4e44fa6e-36c3-4b78-aecd-02aae70a8a76
a466c0e1-30b3-4062-aeb7-3712491907c1,0b2ad44d-2615-413c-8c2d-ef041820a62f
a466c0e1-30b3-4062-aeb7-3712491907c1,f2823c51-e4bb-4bfb-9a4e-041da3d093af
a466c0e1-30b3-4062-aeb7-3712491907c1,676c4673-6d74-4bfa-a95c-32300d1732a5
a466c0e1-30b3-4062-aeb7-3712491907c1,871bcf78-f343-46fe-93e9-df532ae3f248
a466c0e1-30b3-4062-aeb7-3712491907c1,b3a4c8fc-0f98-4465-a98b-51de7c5df7d0
a466c0e1-30b3-4062-aeb7-3712491907c1,3a683205-3fc0-4aad-a673-ce5aed7597a5
a466c0e1-30b3-4062-aeb7-3712491907c1,6297f51d-3648-43af-9ebf-d06968f02fbc
a466c0e1-30b3-4062-aeb7-3712491907c1,adef0633-9f83-4f05-a72a-35408e90019c
a466c0e1-30b3-4062-aeb7-3712491907c1,4937abfe-c5ce-4887-b23c-0a72815db98c
a466c0e1-30b3-4062-aeb7-3712491907c1,17349c9b-fb57-4afe-b2f4-dd8b18a403f2
a466c0e1-30b3-4062-aeb7-3712491907c1,be3a7894-142c-48de-b654-adfccfa45575
a466c0e1-30b3-4062-aeb7-3712491907c1,522d9fc8-a016-49a1-b76d-07aa70e189d3
a466c0e1-30b3-4062-aeb7-3712491907c1,52d55837-276b-4c74-abe5-57250d1e0d7b
a466c0e1-30b3-4062-aeb7-3712491907c1,08ed533c-568f-4763-adad-ade45e3433b3
a466c0e1-30b3-4062-aeb7-3712491907c1,798b87b0-6f9b-4aa7-ba0b-18c6d7b6681c
a466c0e1-30b3-4062-aeb7-3712491907c1,65042b68-85d3-4b4f-a0df-dacdf5ee2470
a466c0e1-30b3-4062-aeb7-3712491907c1,7a6110c9-fe19-4872-ac0a-6f672275754c
a466c0e1-30b3-4062-aeb7-3712491907c1,79073df2-3d1d-4e17-b934-a227171bbb2c
a466c0e1-30b3-4062-aeb7-3712491907c1,b2b0d567-925e-464f-8211-627785607409
a466c0e1-30b3-4062-aeb7-3712491907c1,5035fa6a-5328-4a28-b1df-6497f02cad91
a466c0e1-30b3-4062-aeb7-3712491907c1,d4d0927a-4c53-4b6e-9da6-25afe648d31a
a466c0e1-30b3-4062-aeb7-3712491907c1,ffb1f975-9c50-4332-a118-cbd41285bb1c
a466c0e1-30b3-4062-aeb7-3712491907c1,14d5c04a-acb7-4985-b0a1-7ebf805db04d
a466c0e1-30b3-4062-aeb7-3712491907c1,c18ba307-a4c4-42dc-a2f8-1d0776981ff1
a466c0e1-30b3-4062-aeb7-3712491907c1,481a85b5-ac19-4273-8648-9081efdc9c7c
a466c0e1-30b3-4062-aeb7-3712491907c1,ac5fc716-cd03-480f-bd17-f20aac82bd58
a466c0e1-30b3-4062-aeb7-3712491907c1,9488a1fc-9b6d-4022-afb3-6b1a4ad3e18a
a466c0e1-30b3-4062-aeb7-3712491907c1,b3576947-1087-439b-84f7-9e64df344449
a466c0e1-30b3-4062-aeb7-3712491907c1,9d93cedc-d07c-4a58-98a6-4e667a84120a
a466c0e1-30b3-4062-aeb7-3712491907c1,455de76d-b838-4cbd-8078-af3fb5ec4c90
a466c0e1-30b3-4062-aeb7-3712491907c1,9b69cbda-21c7-49ac-adfc-6ae8237989a3
a466c0e1-30b3-4062-aeb7-3712491907c1,1448f3c2-914e-4063-9f6a-bb1c4f608faf
a466c0e1-30b3-4062-aeb7-3712491907c1,610581d8-a4be-4522-8fe3-e70368e82ce6
a466c0e1-30b3-4062-aeb7-3712491907c1,1da95796-6ef3-4c28-8e6c-7431ac15ffeb
a466c0e1-30b3-4062-aeb7-3712491907c1,358d616f-e373-42ae-8e7a-a73f669f9f44
a466c0e1-30b3-4062-aeb7-3712491907c1,4c3b628e-0e77-4aeb-a9c1-b0bab0384169
a466c0e1-30b3-4062-aeb7-3712491907c1,60867f95-37ee-4509-96b4-f0f2e0f8bf70
a466c0e1-30b3-4062-aeb7-3712491907c1,817757e7-fc2a-446b-be7b-cdc26353960e
a466c0e1-30b3-4062-aeb7-3712491907c1,f6eb6063-86a5-4a86-98a3-d2a497c11000
a466c0e1-30b3-4062-aeb7-3712491907c1,d9446ba1-b675-4124-9cfa-ef29a94f4e96
a466c0e1-30b3-4062-aeb7-3712491907c1,ee17d36a-0097-42b6-a0c6-7913acd47aec
a466c0e1-30b3-4062-aeb7-3712491907c1,82f35b2d-7472-4bd3-8b6e-5d4f5750d363
a466c0e1-30b3-4062-aeb7-3712491907c1,2cbe1a31-d4aa-485a-8447-01744b1f7888
a466c0e1-30b3-4062-aeb7-3712491907c1,34d97e63-b655-42d8-862e-2dcac0afb135
a466c0e1-30b3-4062-aeb7-3712491907c1,cafaa287-1a00-4651-b2a8-2d7b09f57546
a466c0e1-30b3-4062-aeb7-3712491907c1,663d8949-00ba-475e-abb7-d82fa1d578d2
a466c0e1-30b3-4062-aeb7-3712491907c1,af3797eb-d4e1-4844-9d34-fe44ae47dbe3
a466c0e1-30b3-4062-aeb7-3712491907c1,373432e6-507c-4bd7-ba1e-37375769c54c
a466c0e1-30b3-4062-aeb7-3712491907c1,276e227f-a7dc-40c3-af4b-d23e651835a6
a466c0e1-30b3-4062-aeb7-3712491907c1,20b6cdfb-542a-43af-a4ab-fba941926830
a466c0e1-30b3-4062-aeb7-3712491907c1,315e6092-cd28-4439-95d6-86c7b9a55116
a466c0e1-30b3-4062-aeb7-3712491907c1,6616af0f-3b22-4e1e-967c-edc440515de2
a466c0e1-30b3-4062-aeb7-3712491907c1,96c903a4-6c6f-4e18-adb6-a8d0b8d9ce88
a466c0e1-30b3-4062-aeb7-3712491907c1,f0e3fd75-900f-4b83-857a-2d9f47112186
a466c0e1-30b3-4062-aeb7-3712491907c1,79361d08-14e5-405c-9c24-e586ffa7882f
a466c0e1-30b3-4062-aeb7-3712491907c1,c9d2a6d4-d8ba-4880-9740-d8649b5433a6
a466c0e1-30b3-4062-aeb7-3712491907c1,c70a38cc-0b7b-4a16-89f0-ab52257f324a
a466c0e1-30b3-4062-aeb7-3712491907c1,da202888-4525-4b16-9ef6-a0b920f7cb23
a466c0e1-30b3-4062-aeb7-3712491907c1,d0305f30-225a-4501-bcdf-ad0dfd04821f
a466c0e1-30b3-4062-aeb7-3712491907c1,6f4025d2-2012-4ca6-a512-f96064e0abed
a466c0e1-30b3-4062-aeb7-3712491907c1,e8ea584b-3f33-4696-b1e9-f3bbbe61b079
a466c0e1-30b3-4062-aeb7-3712491907c1,668905ac-7ced-4d44-9a49-b027056822f3
a466c0e1-30b3-4062-aeb7-3712491907c1,7be4b669-5054-4bf1-a52d-6510f6d06468
a466c0e1-30b3-4062-aeb7-3712491907c1,90f156e1-d770-4979-a1a6-47e22da26591
a466c0e1-30b3-4062-aeb7-3712491907c1,b2a46e55-b577-4486-834a-578546a19cc0
a466c0e1-30b3-4062-aeb7-3712491907c1,a00d9a3b-9e39-4c99-9b2f-c1a1ffdc1fd4
a466c0e1-30b3-4062-aeb7-3712491907c1,37d55d92-4e4e-4787-ac6a-f75810df2a29
a466c0e1-30b3-4062-aeb7-3712491907c1,69d4d101-8c5b-4892-8efb-ebae3447c95b
a466c0e1-30b3-4062-aeb7-3712491907c1,a6881d37-6c2b-4ba2-a82e-fd6a523ddae9
a466c0e1-30b3-4062-aeb7-3712491907c1,2e408258-4eb1-4ffb-a6ce-dd5e8eba9af4
a466c0e1-30b3-4062-aeb7-3712491907c1,409017cf-d556-4185-8f51-2406b30c4685
a466c0e1-30b3-4062-aeb7-3712491907c1,eb8c9016-2a73-42c0-bf04-44596ef30b75
a466c0e1-30b3-4062-aeb7-3712491907c1,fad47bae-7879-492d-9804-0dcb87576a23
a466c0e1-30b3-4062-aeb7-3712491907c1,71baee5c-d813-44e6-ab1b-f8f07640ac14
a466c0e1-30b3-4062-aeb7-3712491907c1,c631fae3-9219-4a17-af23-fa506f3c8efb
a466c0e1-30b3-4062-aeb7-3712491907c1,5c3fc967-2b6d-42e8-ac12-b81e510a708e
a466c0e1-30b3-4062-aeb7-3712491907c1,20cf1bb0-44b3-40b5-af03-8690d25a032f
a466c0e1-30b3-4062-aeb7-3712491907c1,757bd230-b8ee-48fc-acae-c62344fc3f44
a466c0e1-30b3-4062-aeb7-3712491907c1,09b6a96c-7ba4-4594-bbb4-bf4c99ccefbc
a466c0e1-30b3-4062-aeb7-3712491907c1,7695bd6b-cc43-4fca-bbfc-1228fcf55dca
a466c0e1-30b3-4062-aeb7-3712491907c1,5c4c7790-8fba-45bd-a71c-fdfb8eed95c0
a466c0e1-30b3-4062-aeb7-3712491907c1,95689773-4e01-413d-8dfb-fc434ccbc036
a466c0e1-30b3-4062-aeb7-3712491907c1,1ac6a0ec-ca54-4c01-9615-0ecc8ed4657b
a466c0e1-30b3-4062-aeb7-3712491907c1,0e6bacb9-ec39-468d-8e3b-98b6fe8a4d04
a466c0e1-30b3-4062-aeb7-3712491907c1,3c196970-94a4-4041-bcee-0b796fc13c98
a466c0e1-30b3-4062-aeb7-3712491907c1,2215aa5e-5a15-4c0f-a698-d4d10629592d
a466c0e1-30b3-4062-aeb7-3712491907c1,ab9f584c-03ce-4f37-b78c-1db1eaeaaa19
a466c0e1-30b3-4062-aeb7-3712491907c1,a6e10ddc-4008-49d0-9523-82c05e1193d1
a466c0e1-30b3-4062-aeb7-3712491907c1,e41a99fb-6e61-493d-b5fa-6c9bc812ffde
a466c0e1-30b3-4062-aeb7-3712491907c1,865ef09f-22a6-4b05-8772-937766c8599e
a466c0e1-30b3-4062-aeb7-3712491907c1,c14ef4e5-bd98-48c5-bc15-334d6aaaca78
a466c0e1-30b3-4062-aeb7-3712491907c1,b77ce9f3-365d-4f8f-8d82-23c152698b4f
a466c0e1-30b3-4062-aeb7-3712491907c1,683ad708-b827-466d-9def-2dc62dde8923
a466c0e1-30b3-4062-aeb7-3712491907c1,913c1f83-7896-4957-9655-9b90af822e1e
a466c0e1-30b3-4062-aeb7-3712491907c1,d79bd0d1-9bd0-42d5-b6b3-9fc140e938d0
a466c0e1-30b3-4062-aeb7-3712491907c1,263837db-7913-416d-bd5b-8a69b6f478ca
a466c0e1-30b3-4062-aeb7-3712491907c1,b5ccbda5-290e-4ad4-b664-0188105dabef
a466c0e1-30b3-4062-aeb7-3712491907c1,c6dd6b75-1bc2-4be6-ba2b-56f93951b815
a466c0e1-30b3-4062-aeb7-3712491907c1,6da4d46d-8a17-43d7-9d9f-ba796841efce
a466c0e1-30b3-4062-aeb7-3712491907c1,a27d73d4-d50a-412e-9196-bb7d5eb7c543
a466c0e1-30b3-4062-aeb7-3712491907c1,9d8e651b-b095-4485-8e15-3b7eb1cbb38b
a466c0e1-30b3-4062-aeb7-3712491907c1,3fbba95e-5c5e-49a9-b293-a47b992070d1
a466c0e1-30b3-4062-aeb7-3712491907c1,f13935f1-8a8c-490c-8aff-c26ebe5c528c
a466c0e1-30b3-4062-aeb7-3712491907c1,d14bd886-c1c0-4013-9ae2-1b391d3e1123
a466c0e1-30b3-4062-aeb7-3712491907c1,2e85b81f-4d54-4fa3-9dfe-5adbc391b94b
a466c0e1-30b3-4062-aeb7-3712491907c1,875a554b-37c1-4e1e-999b-69db02fc7538
a466c0e1-30b3-4062-aeb7-3712491907c1,c60c6884-c462-453c-bf4a-d45063915a8a
a466c0e1-30b3-4062-aeb7-3712491907c1,582dc37f-3bc9-429c-8d15-9332b154cb64
a466c0e1-30b3-4062-aeb7-3712491907c1,07e64e51-ada6-4950-8006-35cb2352e733
a466c0e1-30b3-4062-aeb7-3712491907c1,0aaa03f8-4aa8-41c2-a315-3826c6fd292a
a466c0e1-30b3-4062-aeb7-3712491907c1,dc1bd230-0a63-4063-aac3-1f52aa3bb7b0
a466c0e1-30b3-4062-aeb7-3712491907c1,02c046f5-ac81-4225-b31c-ba871dce45b9
a466c0e1-30b3-4062-aeb7-3712491907c1,ba9c6038-9326-4664-b8b0-2bd384f7a2e4
a466c0e1-30b3-4062-aeb7-3712491907c1,7d252a3f-c0b6-48d1-a365-c176e236211d
a466c0e1-30b3-4062-aeb7-3712491907c1,7558303f-ad73-4b52-a769-21a4959dbda2
a466c0e1-30b3-4062-aeb7-3712491907c1,b514c8ad-00fc-490c-a183-59102a67b6dc
a466c0e1-30b3-4062-aeb7-3712491907c1,ca45e309-e0fd-4353-ba9a-3000ee6cb599
a466c0e1-30b3-4062-aeb7-3712491907c1,4824191c-d3c7-48fa-b204-81bf30e88991
a466c0e1-30b3-4062-aeb7-3712491907c1,765f78ed-53af-49e4-9ef7-26b38526fef6
a466c0e1-30b3-4062-aeb7-3712491907c1,9e772689-a025-4c51-bd4e-79417aba1b31
a466c0e1-30b3-4062-aeb7-3712491907c1,2c8b102f-6fb8-4c8e-8231-cfdde41af214
a466c0e1-30b3-4062-aeb7-3712491907c1,62a08514-9f24-4d60-bb23-91aa411575d5
a466c0e1-30b3-4062-aeb7-3712491907c1,184bda60-5a58-4061-9aef-ac9cfcfec7b7
a466c0e1-30b3-4062-aeb7-3712491907c1,80b61260-023b-40ec-ac58-d389dd20efe5
a466c0e1-30b3-4062-aeb7-3712491907c1,d46717c4-5317-448e-8bea-dfba7cf86943
a466c0e1-30b3-4062-aeb7-3712491907c1,8bc55e2d-e911-4d6c-b416-d12514fb3209
a466c0e1-30b3-4062-aeb7-3712491907c1,ee95ebc7-3a91-433d-8837-677217fa7de8
a466c0e1-30b3-4062-aeb7-3712491907c1,92e4007c-f3f8-4416-903b-1e48c09db229
a466c0e1-30b3-4062-aeb7-3712491907c1,bced82af-0629-4a12-83a3-5d3699930f1a
