design_id,tenant_id,site_id,
2bf548f4-b6ff-4b91-8fa1-74cc33d4d474,a466c0e1-30b3-4062-aeb7-3712491907c1,af96804a-065a-4e02-94fc-8fadf86b2fec,
25bf9591-96c5-4642-ba5f-035dd357821c,a466c0e1-30b3-4062-aeb7-3712491907c1,89bf311b-50ef-4182-a08c-47c4530d15ca,
9c17b684-ccc1-4d48-97f7-7895a88d1fa3,a466c0e1-30b3-4062-aeb7-3712491907c1,0d67765a-99e7-4215-8f16-67aaefd524c6,
6138efdc-46d3-48a4-bd96-ded46dca6e45,a466c0e1-30b3-4062-aeb7-3712491907c1,8b9614c1-d69e-450f-a8c6-81be5641eabd,
dc999673-a77e-46b4-92ec-a2f1f2dbc50e,a466c0e1-30b3-4062-aeb7-3712491907c1,a61d2f40-bfc8-4315-b3c6-f9bb96577025,
519fa8d4-3efc-4b30-a096-f2f9486ab2b0,a466c0e1-30b3-4062-aeb7-3712491907c1,58f6ba73-d839-4a8b-8cb8-64642db4222b,
12022472-d76d-49c8-9495-1b52192e896e,a466c0e1-30b3-4062-aeb7-3712491907c1,58f9026c-804f-48bd-8268-98b164f9f36e,
e021916f-7b43-4f39-8e2e-064f08b962b8,a466c0e1-30b3-4062-aeb7-3712491907c1,3b55243a-8982-459f-b520-008a1a7eb685,
30784d4f-0b41-4c36-be81-265afba8fe46,a466c0e1-30b3-4062-aeb7-3712491907c1,910b24e4-55f3-4cce-ae04-59bca188357a,
298d2764-7fb9-4aca-abcb-3a2058867e3d,a466c0e1-30b3-4062-aeb7-3712491907c1,2fb55a12-b14c-4802-b099-be1664ab6e21,
097cb865-e823-4b8f-89ea-35c3a431b49d,a466c0e1-30b3-4062-aeb7-3712491907c1,a61b7ed4-d1fe-4ae8-9428-865c92f0fd1f,
67a63d7e-eef2-4700-94e6-e10f8e313fc2,a466c0e1-30b3-4062-aeb7-3712491907c1,f75c85ec-92c0-49d0-a5e5-e2651fd5ec28,
f8a9b356-d055-4944-a892-cf8857cfa650,a466c0e1-30b3-4062-aeb7-3712491907c1,a61a4a29-0356-4128-bac9-a8c640e5940e,
8d00dbc6-b1b3-4627-881e-dee1b8eb793d,a466c0e1-30b3-4062-aeb7-3712491907c1,2a657758-50ee-43b2-8a19-caba79f87715,
ee3ea84e-9d57-4bd9-a12b-0bc4597d2805,a466c0e1-30b3-4062-aeb7-3712491907c1,0c922ab3-0f76-42d9-ae3c-244777a56871,
45fb0b9d-9cb9-42ab-9ed8-65c0c9a35ee2,a466c0e1-30b3-4062-aeb7-3712491907c1,65f78f2f-598f-42c7-93f5-f7dae9945dd0,
74e6c0ce-ad83-4044-bbf6-aeb3755431ad,a466c0e1-30b3-4062-aeb7-3712491907c1,9b4b2d3b-a5a7-4c10-a518-e8b463f6c3c6," ""detail"": ""'strings'""}"
128c0091-44f9-425c-8136-38e615f192ed,a466c0e1-30b3-4062-aeb7-3712491907c1,456ec251-e714-4e47-9afc-7519a166c797,
856b57a7-e1ed-4ce6-b57a-441a5620b7c9,a466c0e1-30b3-4062-aeb7-3712491907c1,e9a2ae91-bb9a-4c1a-957f-eb9ea29e4a26,
d97564ee-3254-4c2f-b351-cbdf63f2c26a,a466c0e1-30b3-4062-aeb7-3712491907c1,9ab4e0ed-2e24-452a-a93b-2d9ce9192165,
53b81966-bb92-48e8-aecc-34134b4b98e1,a466c0e1-30b3-4062-aeb7-3712491907c1,f9969355-2f93-4b10-b853-2fba97608090,
c237c9a8-6ff1-4a29-baf5-416988a61049,a466c0e1-30b3-4062-aeb7-3712491907c1,06e09316-2009-48f0-836c-dd4adcbe93e2,
7e319cd3-508a-4e81-a357-c17f6265ed4d,a466c0e1-30b3-4062-aeb7-3712491907c1,629445fa-87f7-41a3-809b-e34b61a06e24,
16ac3f54-b995-44ea-8c99-a147ddcd4c09,a466c0e1-30b3-4062-aeb7-3712491907c1,7758dd3a-c9fd-4a06-889b-24e47dacdadd,
44236cf7-3b55-40ae-b2c0-14e15c4099ad,a466c0e1-30b3-4062-aeb7-3712491907c1,70485a4a-7cc1-406d-894e-55b7aadfa1e0,
693e2049-5b5a-44fd-ae8b-c11cc0171b7f,a466c0e1-30b3-4062-aeb7-3712491907c1,b84bca15-e382-4369-a8a4-56d699d7ca84,
4cd76846-c1f0-46cb-99cf-07020bd128ff,a466c0e1-30b3-4062-aeb7-3712491907c1,ac667e3c-5302-49c7-9d6d-9d113748ed79,
9e57d192-3fe5-485e-a1ea-3eb5c1012995,a466c0e1-30b3-4062-aeb7-3712491907c1,90162cf2-bcbc-4c49-ace0-9bdac5250cbb,
8b7f63c5-c93e-497b-af2e-564cfa2d8d30,a466c0e1-30b3-4062-aeb7-3712491907c1,8ece9f52-3d2e-46c0-babe-fcd2bd7e82ce,
1099528d-7f1b-48bf-97e1-4e260e456853,a466c0e1-30b3-4062-aeb7-3712491907c1,e7362d6f-ab50-4924-bba2-64d0c8e31978,
00239f7c-8df7-441f-a397-ddcc8ec47dd5,a466c0e1-30b3-4062-aeb7-3712491907c1,45f1a92e-d2bd-4090-9938-f81922311777,
d92be1ef-45d8-4f25-bea3-ad96baaead30,a466c0e1-30b3-4062-aeb7-3712491907c1,43cd939f-45f3-4373-a57d-f79df297e626,
d25b83e9-1a0f-4996-a762-e77f045e061a,a466c0e1-30b3-4062-aeb7-3712491907c1,1d2be178-9b7d-4f56-8e57-c190a28d1d96,
976d9d70-7cba-4c15-afdc-8bcb1e1fd45a,a466c0e1-30b3-4062-aeb7-3712491907c1,f7b01d5b-7225-44ec-9312-1f7ffa62d648,
ec3fad5d-f57e-4d3e-b35c-cb74706b3a56,a466c0e1-30b3-4062-aeb7-3712491907c1,8d2b92ab-35bc-474b-9171-958d86787a57,
d838e9da-9238-4930-bfb3-65c4160d6c7a,a466c0e1-30b3-4062-aeb7-3712491907c1,ade8619c-4607-4e13-8378-6edf58850fa3,
f0f86236-7ce5-42d2-bea5-63a9898cd322,a466c0e1-30b3-4062-aeb7-3712491907c1,a46c78e4-4fee-4992-8c72-4137336781f6,
0a8a204a-8c75-4df3-a988-6eca7afda057,a466c0e1-30b3-4062-aeb7-3712491907c1,fe06d135-a6e1-43e2-a3ff-17741ddc3ef9,
9114c50f-bc89-4030-a1bf-ac36a18335f6,a466c0e1-30b3-4062-aeb7-3712491907c1,409c31f6-2e30-45b0-8e6d-31d9d01ba31e,
f30e2e9a-8e8c-43d6-8d8a-dc3115b75a88,a466c0e1-30b3-4062-aeb7-3712491907c1,8857c663-24f0-43d8-a500-cdc310bfc47f,
1ac6a0ec-ca54-4c01-9615-0ecc8ed4657b,a466c0e1-30b3-4062-aeb7-3712491907c1,b2dc4bca-51ad-443d-bc4b-6e3953e645b1,
2bf6db10-4b75-4d0c-beb0-809443beafe8,a466c0e1-30b3-4062-aeb7-3712491907c1,64bffd6d-a8f8-4e2c-a51b-4ea00c63a5d7,
be9209da-a4ab-403f-991f-8ed7d509e2f9,a466c0e1-30b3-4062-aeb7-3712491907c1,4e6b6220-6453-4a85-8c2e-822d84b9a70b,
9adfa15b-6a78-4c6b-895c-4bfe9fc462cf,a466c0e1-30b3-4062-aeb7-3712491907c1,71148e2c-eff8-4536-84d3-ea2e3af2201a,
a18716e3-1307-423f-9a5e-5da4b37fbdf0,a466c0e1-30b3-4062-aeb7-3712491907c1,ab61929a-af3b-46a2-9a15-b91a245b8cef,
2c8b102f-6fb8-4c8e-8231-cfdde41af214,a466c0e1-30b3-4062-aeb7-3712491907c1,d038906b-37cb-4365-a8bc-3bd43d3d7bd7,
5f21ecf4-52a4-47fc-a424-5da1278a3e1f,a466c0e1-30b3-4062-aeb7-3712491907c1,e067b3dd-7928-4e55-a991-93b620311e4a,
