design_id,tenant_id,site_id
f6f6d736-f7fb-4ffb-a3e2-e279e7263757,a466c0e1-30b3-4062-aeb7-3712491907c1,4ca04895-bdce-4565-8ffc-809b58d3719a
c3d3b460-6892-42a9-88b4-8fe648c378ee,a466c0e1-30b3-4062-aeb7-3712491907c1,1e9d8d3e-41f4-4c41-9dde-a5e24c0ce20e
f554642d-d7ea-4ad0-87de-9221244adf3e,a466c0e1-30b3-4062-aeb7-3712491907c1,d9d42cab-d1b6-42f3-9f54-bec0a8f08a21
1de37db5-456d-4f47-9be2-55cac6a18f8a,a466c0e1-30b3-4062-aeb7-3712491907c1,1865eb57-d419-4dec-aa4e-b7d13cc9741c
2bf548f4-b6ff-4b91-8fa1-74cc33d4d474,a466c0e1-30b3-4062-aeb7-3712491907c1,c1794bc1-a705-404a-b3f8-9168935e5d3e
33357e46-4050-4472-8096-122808b383f9,a466c0e1-30b3-4062-aeb7-3712491907c1,fcbd6b12-a6b6-484b-9045-6c3d7c7bddc0
e6fd3c7f-d724-4ba6-8d4b-b7cc26f8c802,a466c0e1-30b3-4062-aeb7-3712491907c1,3f83dcbe-9320-4199-9bf2-4fed2d99ee97
9c17b684-ccc1-4d48-97f7-7895a88d1fa3,a466c0e1-30b3-4062-aeb7-3712491907c1,d71f59ef-4b17-4e46-b8a0-02c9ddf342e5
e561475c-a6c0-4709-b20b-518d059920e8,a466c0e1-30b3-4062-aeb7-3712491907c1,6f725d65-acdd-4c7b-bfd5-1d6d5c480555
6d535090-9846-4535-979e-841f686bad91,a466c0e1-30b3-4062-aeb7-3712491907c1,28a4941c-df5c-479e-98ef-22a8400e5613
f7d65135-4eb5-451d-b129-570be255d9ef,a466c0e1-30b3-4062-aeb7-3712491907c1,131ae2b0-4695-4821-907b-22e770899ce7
40ca275a-737e-41fb-8800-1b60b0c49b21,a466c0e1-30b3-4062-aeb7-3712491907c1,4fb25475-952d-435d-949c-382770c0da9e
dc999673-a77e-46b4-92ec-a2f1f2dbc50e,a466c0e1-30b3-4062-aeb7-3712491907c1,ded69b8f-93b4-4533-a9e0-02851a981098
5500f394-2b2f-47dd-8e54-0ab93af68583,a466c0e1-30b3-4062-aeb7-3712491907c1,86b1ddb3-ef2f-40d7-aa57-afaac88c4a9c
28c4be9a-d545-47e7-b717-3eb26ff21647,a466c0e1-30b3-4062-aeb7-3712491907c1,8768ea3b-2881-4b6c-a456-fc7dc9fad637
79512ffd-7271-443a-b3ae-48d4bae48ee9,a466c0e1-30b3-4062-aeb7-3712491907c1,4d6ddca9-21e5-4ea3-96d6-196ab2397dc2
1dbc3db6-2b3c-4680-bd5e-c454b37a50ac,a466c0e1-30b3-4062-aeb7-3712491907c1,bb711cb7-f51b-4ed4-8e5f-b9d29272b4a5
e9558f46-5ccd-46db-b65a-ffcdcea0a373,a466c0e1-30b3-4062-aeb7-3712491907c1,aca89fcd-630a-4dc5-a3bf-886689280899
9f3ef732-0d81-44fb-a888-2a2de68b2b80,a466c0e1-30b3-4062-aeb7-3712491907c1,8fc939d5-0002-41e1-8557-253d6309a79a
0664de41-eb79-4acb-b64d-7f11672fff51,a466c0e1-30b3-4062-aeb7-3712491907c1,22ddf516-3ef4-4197-b20f-a2c5d16f7e3c
ba4bfbce-48d6-43f5-a524-12af33e5c4d0,a466c0e1-30b3-4062-aeb7-3712491907c1,5c65cb7c-ec35-469f-866c-25fbe1c655c3
eae85f92-6d70-47be-85eb-fded483b08a4,a466c0e1-30b3-4062-aeb7-3712491907c1,c50fb00a-ae1f-4599-bc35-b14be561f84d
c1d138f9-1a98-4779-8521-37d3c3b18879,a466c0e1-30b3-4062-aeb7-3712491907c1,027725f0-e008-4c36-ab28-1b656d5afb88
0c273dee-121b-4e5f-9a0c-397e3cb29676,a466c0e1-30b3-4062-aeb7-3712491907c1,f82f3a56-61ef-43f3-bed4-af4bf3a76eb6
b363c70c-4587-44ce-9738-d6ef6d4918ee,a466c0e1-30b3-4062-aeb7-3712491907c1,f8752ae1-1eeb-4c53-947f-8b49f1a068a9
12022472-d76d-49c8-9495-1b52192e896e,a466c0e1-30b3-4062-aeb7-3712491907c1,a97f8f17-813a-4e5e-8df3-c5c5fb8c4957
7f5669d7-2953-428f-a1a5-5c4d2e891401,a466c0e1-30b3-4062-aeb7-3712491907c1,4a3636e9-933f-4e13-b38d-d6424c733884
663c1081-a4ed-4e95-8144-43f1a8ba22ab,a466c0e1-30b3-4062-aeb7-3712491907c1,03aa84d2-fb71-4017-9686-ef63f5d7d500
2a2abb37-f512-4a0c-adcb-754cf57eb65f,a466c0e1-30b3-4062-aeb7-3712491907c1,81340e73-33a8-4687-bba0-aa5448385ac2
37480180-740f-40ea-8263-08be70b79a54,a466c0e1-30b3-4062-aeb7-3712491907c1,1012c23c-70dc-42c0-9cee-647262a36b30
324fc6d0-3035-4b25-8c06-593e546d0574,a466c0e1-30b3-4062-aeb7-3712491907c1,ca944b87-825b-4bcd-84ca-5c7d36e1ddb4
41d5c4ac-ded6-4cb3-ac51-22bfc6ab2dec,a466c0e1-30b3-4062-aeb7-3712491907c1,c357f6a5-56ce-4cba-b167-d933609b4490
bce17ee6-f3ca-4e96-95a5-0ddebec14e1a,a466c0e1-30b3-4062-aeb7-3712491907c1,43a9efea-d8d1-404a-a218-de41f56249fa
3f15f8ec-7f48-4667-8ca1-67b57d99ec34,a466c0e1-30b3-4062-aeb7-3712491907c1,3c05e413-00a1-41d2-9eed-5473719d0f87
cdcf1d99-f9d3-4a3d-940c-942314d8f0ac,a466c0e1-30b3-4062-aeb7-3712491907c1,6bec19cc-7278-4128-a8cd-b467091ddf9a
73be728a-2627-4b7e-83d6-d34e694a7668,a466c0e1-30b3-4062-aeb7-3712491907c1,334875e8-5681-458e-a4d5-e54d0996887a
f3a73b7c-1eb5-4212-9702-bb24021987fd,a466c0e1-30b3-4062-aeb7-3712491907c1,de2c618d-ace4-4374-8ec1-07b2e3a10871
ff72dc54-12e7-4b4d-a440-666abbfb43db,a466c0e1-30b3-4062-aeb7-3712491907c1,75a75f39-2712-45ff-bb68-cddf219dd461
6c8f844d-4cea-48b6-a216-d38607397fa8,a466c0e1-30b3-4062-aeb7-3712491907c1,1970ab3a-1a91-4cea-a1b6-1b92344b640d
4d6f4471-a4ce-43bd-aec7-632b1014daca,a466c0e1-30b3-4062-aeb7-3712491907c1,02cf2b04-15db-4f0e-a65c-2fa40fe7d408
ea5e94c0-02a4-4204-ab99-496cc95c8a22,a466c0e1-30b3-4062-aeb7-3712491907c1,e0d47516-da52-4e0e-bf93-f6a4fce72d2e
298d2764-7fb9-4aca-abcb-3a2058867e3d,a466c0e1-30b3-4062-aeb7-3712491907c1,c73ba39b-6abb-4cf5-9259-368bcb37b14e
f2a907f9-9fd4-42e4-869b-5382bfeb810f,a466c0e1-30b3-4062-aeb7-3712491907c1,ac5eebd7-0dd1-41d6-a07f-a66f8bcd8d32
097cb865-e823-4b8f-89ea-35c3a431b49d,a466c0e1-30b3-4062-aeb7-3712491907c1,97d5e3be-d5c1-441f-bd57-bdbbe24fe51c
f7abd845-3d70-470a-91fd-db253380d9e5,a466c0e1-30b3-4062-aeb7-3712491907c1,4a74f333-ba61-4439-b977-505d566617ad
9afebcfe-c2ca-441e-9692-38d7258d0e1f,a466c0e1-30b3-4062-aeb7-3712491907c1,79da865a-fe40-4578-9bb9-eae9cae1b6be
67a63d7e-eef2-4700-94e6-e10f8e313fc2,a466c0e1-30b3-4062-aeb7-3712491907c1,dd4bff51-25d5-49f1-a0c5-fe2aefd6c4b5
f8a9b356-d055-4944-a892-cf8857cfa650,a466c0e1-30b3-4062-aeb7-3712491907c1,285af35b-ffc8-43d9-96b1-f983cdfd0693
8d00dbc6-b1b3-4627-881e-dee1b8eb793d,a466c0e1-30b3-4062-aeb7-3712491907c1,66974872-4cb7-44c5-b7ce-d104f1c3bebc
3352e1d0-812f-4ca5-8a08-a77cb47df1ca,a466c0e1-30b3-4062-aeb7-3712491907c1,301da3ef-550f-4f6f-a018-0136d4db6ff4
7ddf4767-701a-45e5-aabf-a4510d92b8e8,a466c0e1-30b3-4062-aeb7-3712491907c1,e57a2180-45b8-4143-858f-5d571fa2ae38
6ed72479-9e35-4bd1-b87b-9d81103064e8,a466c0e1-30b3-4062-aeb7-3712491907c1,ad63dd98-74c7-4050-81f1-7fa94cae1703
1e11b985-306a-48c2-ab5b-3f66c944c5bf,a466c0e1-30b3-4062-aeb7-3712491907c1,6a05e1ab-5aff-4aa8-81ee-10baa61130e5
c2b7aafd-02f2-4f98-b517-38a840782f88,a466c0e1-30b3-4062-aeb7-3712491907c1,3a39262a-054c-481d-ae01-32e6b178ecda
2c2b7ec4-671a-43dc-81b0-96dbe6a76b4e,a466c0e1-30b3-4062-aeb7-3712491907c1,25073347-5729-4ca2-95e5-2062f672b50a
712b5c5e-c5e9-4ffa-a165-e6d2d724b995,a466c0e1-30b3-4062-aeb7-3712491907c1,6cf44870-ac1c-4603-82e0-44ee07018d0a
36f53827-5287-4c2a-9817-237114f301f9,a466c0e1-30b3-4062-aeb7-3712491907c1,a13cd5a4-e4d7-4a09-825a-e8cb532f1188
f7197e52-accd-4d60-8d9c-428c051e95ae,a466c0e1-30b3-4062-aeb7-3712491907c1,4c191c7b-a2e3-4541-80e1-02302e3c47f7
d73e5963-b179-48d4-b711-1219b13666e0,a466c0e1-30b3-4062-aeb7-3712491907c1,119c9497-a92d-4738-a74f-7273d6b104b6
bf01601e-60a7-4bad-9885-fdd3a585e355,a466c0e1-30b3-4062-aeb7-3712491907c1,39a59461-dc9d-4991-99f5-be3732d9aa85
5313d3ce-15cf-4b0b-b11b-097099fa3221,a466c0e1-30b3-4062-aeb7-3712491907c1,14e8a397-71b4-40af-952b-c2f3511dd2e7
c5489b3c-8bda-41ae-aa15-5f3c7cda9bae,a466c0e1-30b3-4062-aeb7-3712491907c1,0278c0ef-87cb-4704-bfff-f27f28b3fa60
74425f6f-a062-4de0-b15f-aa23d179d283,a466c0e1-30b3-4062-aeb7-3712491907c1,7f9b77dc-571f-44f5-9c24-68cf189cd1b0
b87ccfd3-32fe-4f74-a206-3855b6fd1877,a466c0e1-30b3-4062-aeb7-3712491907c1,c75db171-a8cc-4a4f-b3cd-41839c6d618c
f1ee8630-1f2b-4dff-b291-ae195bcbaecc,a466c0e1-30b3-4062-aeb7-3712491907c1,f4b04fac-d48b-449e-a58b-d9eafc1247e1
8d9554d7-b5c3-41d7-b19a-f81863a7bc59,a466c0e1-30b3-4062-aeb7-3712491907c1,09c6e05f-b6f8-4cb3-9de8-fec67389f610
84fb06d7-853d-4803-9ed3-1310c570c2ef,a466c0e1-30b3-4062-aeb7-3712491907c1,ff9b189b-71e7-441f-8b40-8319a1306a21
919dcea8-b1b1-484a-9807-5f3dce9f64d8,a466c0e1-30b3-4062-aeb7-3712491907c1,bea931eb-fb29-40c2-8949-e0cb854d1f51
e7b4ed69-a084-48de-9e30-6bb77df0a615,a466c0e1-30b3-4062-aeb7-3712491907c1,2a5253c1-4f82-43de-8183-d025d02abf9a
d3d8cb9c-db40-4c15-a683-5f5dc811b168,a466c0e1-30b3-4062-aeb7-3712491907c1,807614d9-01de-477e-9d8e-1f66b72ad643
a2374fcf-2684-4f8c-a4d7-3efc738a50b6,a466c0e1-30b3-4062-aeb7-3712491907c1,a302ad5a-659a-45da-9b79-398eeb88c2b9
d57e8231-bd2d-4196-be4e-fb8250d77254,a466c0e1-30b3-4062-aeb7-3712491907c1,86d394b3-5778-4236-9956-e298d0e3c973
10c3882e-5cca-42ee-9349-4cb87444f9ed,a466c0e1-30b3-4062-aeb7-3712491907c1,82f38cd1-2388-4bf0-8c86-524acd9240e6
adc48279-2708-45bf-914f-ad997152904c,a466c0e1-30b3-4062-aeb7-3712491907c1,7f5715a0-7f63-4f15-928f-495fe03ca9c9
4160a9a7-efc7-470c-8d83-4abecddee14b,a466c0e1-30b3-4062-aeb7-3712491907c1,da71adb5-2ada-4aa2-875f-ee65456b6f82
37016ee1-f95f-4d19-a999-80bbbd021883,a466c0e1-30b3-4062-aeb7-3712491907c1,e5069d59-7a19-4d18-bcaa-214ce90b18a5
8ff3d982-d077-4242-b03e-b806dd107219,a466c0e1-30b3-4062-aeb7-3712491907c1,3a0df2fe-511d-4ab6-94d4-9a4205b4992d
673ac514-5ce6-4752-b8ba-7286f916c2a9,a466c0e1-30b3-4062-aeb7-3712491907c1,273033df-8150-47d6-a9c0-5dce77d59294
9a795e88-de8c-49ad-8291-07d80fe318ee,a466c0e1-30b3-4062-aeb7-3712491907c1,ac02e7fe-746e-4bf9-a9f3-53beda9b1c09
a8cd439b-76fe-47c2-83ad-d7123e34ccc0,a466c0e1-30b3-4062-aeb7-3712491907c1,d2966b5b-0ee0-4b66-8989-af891ffb2bc3
e729b15f-460b-469e-a324-0efb4a4825e3,a466c0e1-30b3-4062-aeb7-3712491907c1,8a1acbff-3a1b-42c9-adc4-5d5bd95a993c
0bdb1fdb-c99b-4e6f-8971-5fca7ab26e35,a466c0e1-30b3-4062-aeb7-3712491907c1,4e24ba7b-f946-4f70-a1df-4dcd186d92ba
bf014b66-fff6-40e6-99d0-a6542b201199,a466c0e1-30b3-4062-aeb7-3712491907c1,da387df4-d198-483d-8972-dc0366c54ad7
a37c5777-aba3-4313-b708-73f28c1d21b7,a466c0e1-30b3-4062-aeb7-3712491907c1,37e3d691-cc98-4352-be87-39ff637f903a
4bb81314-19f4-4ebe-b7ab-be3b9309b151,a466c0e1-30b3-4062-aeb7-3712491907c1,370687bc-64c1-45ee-a8cc-74770378238c
1e2b078f-58f0-43eb-9571-eb813e69c7d1,a466c0e1-30b3-4062-aeb7-3712491907c1,993f70a0-9bd1-48d0-a026-cc78c0998d42
8cba90c7-02bc-40fd-a162-355684d566b9,a466c0e1-30b3-4062-aeb7-3712491907c1,8076a6d3-c8b3-4b6d-a7ab-908d3ab05db1
9ffa5fd9-dfb9-43c5-b5ff-1686359f06ab,a466c0e1-30b3-4062-aeb7-3712491907c1,e3b59068-dcfd-4a1e-beef-c2b5999857fc
74c27419-7b16-461d-b877-244be80243bb,a466c0e1-30b3-4062-aeb7-3712491907c1,ae1c5006-8461-40d9-b84e-6ecd97041b3f
c36c7c05-2e8e-42c1-9b00-21ec8659aba6,a466c0e1-30b3-4062-aeb7-3712491907c1,f62052db-7b4f-4802-8744-3545c43f6f39
e0d7a160-b556-4ebd-a015-6c8f206aeecd,a466c0e1-30b3-4062-aeb7-3712491907c1,a7583fb1-e16c-49f6-b1be-ea26a5022c9a
59958f98-3f5b-4e1e-92cb-800ee1357a5c,a466c0e1-30b3-4062-aeb7-3712491907c1,327dbb1d-6cf4-4eba-ac01-d793294e1f25
9ce11654-f004-454c-b314-bf5c6048830a,a466c0e1-30b3-4062-aeb7-3712491907c1,4b92025e-d923-4f5c-aa4c-826817086123
1bf90474-bead-4a62-a47d-8c0710976d69,a466c0e1-30b3-4062-aeb7-3712491907c1,8d582ad3-f52f-4d73-8101-8c7ac3681059
e2e61af1-30c8-467d-bb0f-ae4c5dbd0ee9,a466c0e1-30b3-4062-aeb7-3712491907c1,3c098b52-4fb9-4f3c-8bbb-96ad22fb8eed
45fb0b9d-9cb9-42ab-9ed8-65c0c9a35ee2,a466c0e1-30b3-4062-aeb7-3712491907c1,e478e413-dc91-4fd7-b5e7-5430d1b3a3fe
59466a1b-497f-4679-a095-9c7875beb53c,a466c0e1-30b3-4062-aeb7-3712491907c1,42ebbcde-c731-4fcf-a8ae-3ca81042983a
a96720bd-ab9b-4f05-8add-c3c8924ad3c8,a466c0e1-30b3-4062-aeb7-3712491907c1,2430ff37-efca-4273-92f8-9df959655e23
f9e1dd26-7544-445e-b128-649e0176af37,a466c0e1-30b3-4062-aeb7-3712491907c1,cbb8cc31-de55-48b9-b1db-b77591a672e5
128c0091-44f9-425c-8136-38e615f192ed,a466c0e1-30b3-4062-aeb7-3712491907c1,d10443db-1b4e-4bef-820a-75ac9d50e231
fac30f9c-c9e4-4143-aa25-938e5e1b86bc,a466c0e1-30b3-4062-aeb7-3712491907c1,5cf372c9-cf81-4a57-bae9-f45c89a2a207
61273e46-4f18-4901-a106-edb01a6cc30b,a466c0e1-30b3-4062-aeb7-3712491907c1,678b7a35-9acf-4423-a4b7-d218b54641ff
de5472df-eb27-4dd0-9cfd-75d09c7719e0,a466c0e1-30b3-4062-aeb7-3712491907c1,5eb25073-2545-4b34-9ed2-1d4a66606e03
9a817589-4a3e-41c7-8603-730bf931efef,a466c0e1-30b3-4062-aeb7-3712491907c1,1ae70368-451e-44e3-b642-99d4d5c0959c
856b57a7-e1ed-4ce6-b57a-441a5620b7c9,a466c0e1-30b3-4062-aeb7-3712491907c1,2b8c8a1d-2f9f-4617-a0d9-b3283c4cf768
ca53096f-1858-4350-9496-b047796e96eb,a466c0e1-30b3-4062-aeb7-3712491907c1,992c3d53-8f0b-4ed1-a30f-c854e31cae4b
79fa7ea6-a45f-4b13-8f93-789f62694048,a466c0e1-30b3-4062-aeb7-3712491907c1,ba72ac23-7247-4797-8f24-c8102a384bd8
5052f18e-0c4d-4f6e-904d-8b379a69ae37,a466c0e1-30b3-4062-aeb7-3712491907c1,480b9d87-26f2-4e44-a075-eee082b155f8
45280cff-606c-44cb-b25b-28933dacaaa2,a466c0e1-30b3-4062-aeb7-3712491907c1,bd9632ad-8ead-4216-bf81-d0c23b7ac48d
9be9367c-79a2-4529-9240-e7e6063f592c,a466c0e1-30b3-4062-aeb7-3712491907c1,b80349ce-972f-474d-8f15-5fd94b4be403
4b7527d8-8a6c-4f6d-a5e0-8d6baf44dde9,a466c0e1-30b3-4062-aeb7-3712491907c1,c22c3588-4fbc-4747-bea0-f0fa40fa66b4
513507ff-d26b-49e9-8b08-ecda7eb28bb5,a466c0e1-30b3-4062-aeb7-3712491907c1,a0a22385-99eb-4a40-95aa-0434ea466c3d
2d089802-0a2c-4d19-b53d-89f8d228b5ce,a466c0e1-30b3-4062-aeb7-3712491907c1,65fc71f9-6565-4e42-9b1a-6e3bd75e3b3e
61493b87-ddfb-4f14-abd5-65c9df63bd92,a466c0e1-30b3-4062-aeb7-3712491907c1,2001c67e-87b5-4f34-8867-ffaf92d3fdf1
12fe0dac-ad5a-4662-8605-5de1b88a4b8e,a466c0e1-30b3-4062-aeb7-3712491907c1,1f31b509-ba6f-4a60-bfad-58d2a7e0c3f4
a1611d3f-f8da-409d-b05d-5531c9a13ac6,a466c0e1-30b3-4062-aeb7-3712491907c1,735fa30d-0bab-4723-b5d5-40461ebed054
d97564ee-3254-4c2f-b351-cbdf63f2c26a,a466c0e1-30b3-4062-aeb7-3712491907c1,c752f8ca-ce69-4d08-8517-67f2bd2a8f7d
b0d5e87d-7a60-46f9-b46e-105d1f0da45e,a466c0e1-30b3-4062-aeb7-3712491907c1,c842de0a-ef0e-4c6d-8905-2a6e8b109680
53b81966-bb92-48e8-aecc-34134b4b98e1,a466c0e1-30b3-4062-aeb7-3712491907c1,bec0c614-168e-4528-a9e9-7e54649f08b1
53d68d8f-b0c9-40e4-9f29-4a5ced381d39,a466c0e1-30b3-4062-aeb7-3712491907c1,e9b9270a-62e6-42e4-aaa7-a95dae2723a3
c237c9a8-6ff1-4a29-baf5-416988a61049,a466c0e1-30b3-4062-aeb7-3712491907c1,847d7f7c-def7-44d2-b7da-efcbd696c88f
d368e514-6ff0-4fe1-a8aa-971102c186cc,a466c0e1-30b3-4062-aeb7-3712491907c1,9a253278-9562-4184-aa97-05614d92e3b9
97a624b3-2407-4583-a87d-bca3fe132a57,a466c0e1-30b3-4062-aeb7-3712491907c1,439aa82c-802d-493d-8d08-03dba8c259b4
164456d4-19d7-4eba-b8e8-59a48be2f499,a466c0e1-30b3-4062-aeb7-3712491907c1,6dc04112-df9f-4e86-b7b1-751b4a510fd7
2893bf5e-c58c-4620-b12c-67e07d82d965,a466c0e1-30b3-4062-aeb7-3712491907c1,5af6fa96-e622-4c07-b87b-b84db5353d39
66247756-12db-44f9-81c5-cef84912a3b3,a466c0e1-30b3-4062-aeb7-3712491907c1,fca39281-89d3-4174-8a3e-639b93facc77
90c1af72-e995-445d-af75-175c3096d723,a466c0e1-30b3-4062-aeb7-3712491907c1,6aa2d70d-f045-41bd-83cc-71144c99ecc8
aa002802-4350-4c25-8876-67790fe33bd9,a466c0e1-30b3-4062-aeb7-3712491907c1,42755f3a-1fdf-457f-8ab6-9a9d5399f131
ae5472c3-cd09-459d-b30f-b14e3da33911,a466c0e1-30b3-4062-aeb7-3712491907c1,e89cf0c3-80f5-48cb-9a49-329b19425384
3648b55c-7b8c-40f2-bbd9-796775f60de0,a466c0e1-30b3-4062-aeb7-3712491907c1,5a604565-12b7-49be-a9b8-d79d7c74201e
7b838157-8f49-429c-8ed2-dd5fdab52ef2,a466c0e1-30b3-4062-aeb7-3712491907c1,bc5aca68-4120-4b63-be29-8bdb37ce8532
16ac3f54-b995-44ea-8c99-a147ddcd4c09,a466c0e1-30b3-4062-aeb7-3712491907c1,0cc67bd7-03fc-4edb-820c-2ec8d328dadc
ef9e2a92-bec0-4bac-b152-39f75066111e,a466c0e1-30b3-4062-aeb7-3712491907c1,ed0aefc4-bd4d-490a-b1cc-de96c8004664
3f02af48-399f-4528-b8c6-0a6a0c97b036,a466c0e1-30b3-4062-aeb7-3712491907c1,5281751c-0d73-4b07-bba0-3d77cf401c07
5d1015d5-92bd-4cfa-befd-81a34df501b5,a466c0e1-30b3-4062-aeb7-3712491907c1,cf126cad-2287-45a3-8020-559d46cc8adb
e43bfa68-139f-420c-9aae-a73e9d89856e,a466c0e1-30b3-4062-aeb7-3712491907c1,9576a838-874f-4f9c-9cb3-2c1b0f3c9e12
251faffd-5120-4670-984c-3fedd43ac116,a466c0e1-30b3-4062-aeb7-3712491907c1,d1121ec8-e745-4320-b068-dbd8b969f222
3b5ea492-d2c8-4644-8612-ff670d9988eb,a466c0e1-30b3-4062-aeb7-3712491907c1,e299f497-9d64-445b-87ac-61b5786c240c
7030f495-438b-4d7e-b566-4e1f8c6dc917,a466c0e1-30b3-4062-aeb7-3712491907c1,1390f530-40ed-4c72-a6fa-beacbc6c32a1
857aa90d-0dcd-4a0f-ab24-0614e451c42b,a466c0e1-30b3-4062-aeb7-3712491907c1,a097a9a5-f638-43e0-bb79-7f6bc6772e96
693e2049-5b5a-44fd-ae8b-c11cc0171b7f,a466c0e1-30b3-4062-aeb7-3712491907c1,cdfe84fb-0cff-485f-9e19-eab132651c29
4cd76846-c1f0-46cb-99cf-07020bd128ff,a466c0e1-30b3-4062-aeb7-3712491907c1,b6c50fb7-7510-442b-b526-a052a15df83e
f62f0b7f-90de-440e-8f6c-aa324453eee7,a466c0e1-30b3-4062-aeb7-3712491907c1,935fdbd6-b25f-4e5c-aa3d-0893eb6253b4
9e57d192-3fe5-485e-a1ea-3eb5c1012995,a466c0e1-30b3-4062-aeb7-3712491907c1,2a58a31f-e21f-4cf4-93d2-4d9c57d4e659
cec39390-b669-4f70-b645-6f6c0bc5f724,a466c0e1-30b3-4062-aeb7-3712491907c1,557427c7-5ca6-49bc-b2db-e2fc1494746c
636c5c2f-bab1-4b0f-ace2-a16a9ea5b42e,a466c0e1-30b3-4062-aeb7-3712491907c1,634a7893-5c9e-4a61-bf31-a99bb80413bd
db9be0a9-3dbb-4fae-b370-dd75d1cb6367,a466c0e1-30b3-4062-aeb7-3712491907c1,98599030-3ba4-4c01-8a59-ccb009353315
d7f404ce-4de8-461d-a11f-9c72641487ba,a466c0e1-30b3-4062-aeb7-3712491907c1,54cc2a31-aa3d-4fea-b84f-e272083d2ad7
2549694a-a52f-4252-b59d-44b73f65d73a,a466c0e1-30b3-4062-aeb7-3712491907c1,93c109e1-346c-452d-bf01-1ec8150c4776
1099528d-7f1b-48bf-97e1-4e260e456853,a466c0e1-30b3-4062-aeb7-3712491907c1,f0b4a782-c2da-4df7-8d9b-54c7e2bfc8d0
b524257d-ef29-468f-9f01-18d73fe1c69e,a466c0e1-30b3-4062-aeb7-3712491907c1,310e6eb2-8120-41af-8110-7e8537e8a964
3e65d214-799e-408c-baf1-a78cb7d64e69,a466c0e1-30b3-4062-aeb7-3712491907c1,58034950-f3ce-4192-876d-c3f4e18ef5b6
f540367d-629d-4e48-b442-a1ea0039fafb,a466c0e1-30b3-4062-aeb7-3712491907c1,c238c240-20ba-4151-8123-1283442bec3f
d92be1ef-45d8-4f25-bea3-ad96baaead30,a466c0e1-30b3-4062-aeb7-3712491907c1,bad1f4e5-d25c-4b68-993f-096f41b23eb6
d25b83e9-1a0f-4996-a762-e77f045e061a,a466c0e1-30b3-4062-aeb7-3712491907c1,683c7644-c508-4033-bce1-f2426930012d
976d9d70-7cba-4c15-afdc-8bcb1e1fd45a,a466c0e1-30b3-4062-aeb7-3712491907c1,1a7c5fcb-bd3b-416a-9f8b-d5e00acf6893
b14604cf-a8e8-49a7-a7af-77823b7d1e0f,a466c0e1-30b3-4062-aeb7-3712491907c1,ff28b964-c40b-4b70-9ab0-dda2da786cbb
3d64b30b-cf36-48c3-be97-0c4c7f8ea7bf,a466c0e1-30b3-4062-aeb7-3712491907c1,93c7a452-32fd-41d2-bb75-046d53c78565
d5213229-d27d-4247-a371-c0597f730627,a466c0e1-30b3-4062-aeb7-3712491907c1,fbce0213-23d3-471f-bc44-7e3c4dca898c
c8ee7cc7-33d8-4ea2-942e-44d71f3360aa,a466c0e1-30b3-4062-aeb7-3712491907c1,8f69dce0-698a-4d60-881c-4eaec1531598
f7117c18-fbf7-45d5-b6cd-4d95ed4d98d3,a466c0e1-30b3-4062-aeb7-3712491907c1,fb617aab-a7ab-4f13-95a2-8ccd5f27bae3
74b97d9c-b0af-4a5e-87fb-dd78a7ac61f7,a466c0e1-30b3-4062-aeb7-3712491907c1,c57d762a-ad38-4b77-8573-a74fe466ab17
7bbc483e-7441-4bb3-b17f-5ce9fc2bbed7,a466c0e1-30b3-4062-aeb7-3712491907c1,8d2ad6e6-5cc9-4f4b-8627-aba245c153d0
8672d357-7c8a-4d31-b860-4a6462bbaa93,a466c0e1-30b3-4062-aeb7-3712491907c1,bae4f146-c0ce-4657-bedc-5237596ebe27
38846ddc-c414-41c7-a63f-f5a3a19df8a6,a466c0e1-30b3-4062-aeb7-3712491907c1,f35c7075-4816-40a7-868a-99d22ab6737d
637c2995-e8cb-4f3f-840e-3b497be6d2e2,a466c0e1-30b3-4062-aeb7-3712491907c1,84ad6220-2cec-4e9f-a144-06ac402e549d
a3483ee8-fedd-4b8a-90b7-376695e32912,a466c0e1-30b3-4062-aeb7-3712491907c1,92852932-865b-49b5-9e28-ea264d3ce333
915b14ab-4c21-4bc4-823d-82a92d499320,a466c0e1-30b3-4062-aeb7-3712491907c1,c3901bba-58fa-4093-816d-284bfcbc94d1
19284338-e057-42be-8c17-11d0baaafc6f,a466c0e1-30b3-4062-aeb7-3712491907c1,06a983a9-4f0b-4ed4-b3b7-03b1c80857ec
d0777116-942b-4e13-b4ff-86c6db35e010,a466c0e1-30b3-4062-aeb7-3712491907c1,14512547-86db-4bd6-ae18-8d50de79855c
d01048d1-f098-4d4a-baf3-eb89c2f4997e,a466c0e1-30b3-4062-aeb7-3712491907c1,a078ed91-23e7-41b0-840a-79dc96e0c2f6
dad46cf0-eae4-4476-8685-d716c248b968,a466c0e1-30b3-4062-aeb7-3712491907c1,0fb31e23-9d22-42e6-b270-8b2a0e216eed
fdf82d58-3d66-4a3c-8b6d-1057b07682b4,a466c0e1-30b3-4062-aeb7-3712491907c1,f9482bb0-0b0c-4354-93b4-ae78b551f1a2
7951e2a9-4dd4-4c94-b2b9-13aa479100a4,a466c0e1-30b3-4062-aeb7-3712491907c1,8b8bf236-ff01-4e3b-b8a6-db45ec41c517
d9f69a30-35a1-40dc-b7ed-33eee1d47f16,a466c0e1-30b3-4062-aeb7-3712491907c1,9588fde9-ebb7-4192-8c53-8c9296ef1689
896453bb-746b-4ffa-87f0-01f89575e3b1,a466c0e1-30b3-4062-aeb7-3712491907c1,53f8e01b-354a-4302-801d-3d823cae66ed
b35a3c25-ac55-4027-a7db-74f214c56304,a466c0e1-30b3-4062-aeb7-3712491907c1,8c03ffa9-bcb5-4b83-8345-bacdcd852658
6aa92d88-ee17-4488-833f-10fc1513b7d4,a466c0e1-30b3-4062-aeb7-3712491907c1,a2ecfb50-8f06-4bda-873a-feacba2a33eb
292fd290-9e2c-4522-8cf4-95d137b9e667,a466c0e1-30b3-4062-aeb7-3712491907c1,dd8b5425-3f3c-4985-92a2-ff9e590639f5
3b61fed5-3716-45da-a5ff-bfd3a2d2d0e0,a466c0e1-30b3-4062-aeb7-3712491907c1,00c5a809-9765-48a5-b125-4be8f1543aab
6cc6fd0b-0a24-4b90-a220-0dbedeb1c6f2,a466c0e1-30b3-4062-aeb7-3712491907c1,6a568f61-29d7-4a25-bfb4-004e819ca572
ce261a4a-d41c-48d5-8991-fbd0ae20e91f,a466c0e1-30b3-4062-aeb7-3712491907c1,9542808c-6986-472f-a7f4-8028bb54226f
eacb0970-093f-4b15-b322-7b0c41d553ee,a466c0e1-30b3-4062-aeb7-3712491907c1,c21feb91-54e3-4ccb-bec9-bdce020d9abd
5d1d4012-4d76-4ee1-863a-7c0529bec09e,a466c0e1-30b3-4062-aeb7-3712491907c1,99a0da89-252c-4517-aebe-faf87b4b4d3c
564819a3-4cac-4718-a523-1bfb9c53faec,a466c0e1-30b3-4062-aeb7-3712491907c1,6f69fddd-383d-4b85-ada5-f1020c21372d
8a51d21b-8c1a-4c01-bbcf-84e7256bb225,a466c0e1-30b3-4062-aeb7-3712491907c1,1fef8af6-54da-4220-bb0e-47bee51f9f9b
b2c2e0d0-9b4c-4b41-ba33-1204bd2b5d9d,a466c0e1-30b3-4062-aeb7-3712491907c1,7c305d17-acd8-476b-892f-1db0bbb364af
7c39a5ad-9d63-4bce-9d83-74c6e8ee3db6,a466c0e1-30b3-4062-aeb7-3712491907c1,9a7c1efb-a83a-43f7-abf6-6a1c92d22219
6e392227-7156-4f9c-8eb1-3c9ee8f600ef,a466c0e1-30b3-4062-aeb7-3712491907c1,22c0b7c0-85bc-4124-9f67-b650720008a2
176f16e5-d9a2-4d86-ae4d-5a6fb7b13e4b,a466c0e1-30b3-4062-aeb7-3712491907c1,3e3bff44-1334-4562-9f79-52b3acdc77f8
69ec3f1d-857f-4c42-8c9a-03421dafb80a,a466c0e1-30b3-4062-aeb7-3712491907c1,dafd22f0-37e5-4a04-a706-3019119a7b10
d630de6c-449d-42b6-9db7-d3a8ad838bf8,a466c0e1-30b3-4062-aeb7-3712491907c1,e000b519-e8cf-468a-80c5-403f4ce46dd2
b1ead139-e43c-4bd6-a7e9-833f54c9fbf4,a466c0e1-30b3-4062-aeb7-3712491907c1,cb0bc457-607b-4100-b4bb-faf6bc420b3f
9c4d298e-1571-4f5a-b09c-6c23af7fbf18,a466c0e1-30b3-4062-aeb7-3712491907c1,386e1ba4-4622-44a9-8072-4d5d56c741f6
4b52ad87-de37-4352-af3e-88413ae88004,a466c0e1-30b3-4062-aeb7-3712491907c1,77f252b9-1ee8-4aba-81c0-fa4862118589
02553afa-08ee-4920-9aa4-6bde9c6cad89,a466c0e1-30b3-4062-aeb7-3712491907c1,295f1f5a-dd7b-4680-a937-bc7a7d82f181
c86cd1db-bf75-4cbe-9add-5339ec21a73a,a466c0e1-30b3-4062-aeb7-3712491907c1,2b3a3884-6f6a-4298-8d7e-c47914e912a0
717fc98a-6d82-4eb8-a699-a0cd67aaa79e,a466c0e1-30b3-4062-aeb7-3712491907c1,eb7e1b72-3c50-4bcb-b3e9-038abe5421fa
ef46afff-afe7-4652-9612-46adba148fc1,a466c0e1-30b3-4062-aeb7-3712491907c1,b631a2ca-2113-4c3e-849c-5b428089cd62
c2fd59ab-711d-42a0-9022-bfcd680c44ae,a466c0e1-30b3-4062-aeb7-3712491907c1,a4e24391-2c9b-46f7-8731-bc96edb83c73
ee5f454f-b42c-4c17-8156-0855330b36a3,a466c0e1-30b3-4062-aeb7-3712491907c1,027de9d2-b21d-40be-8adb-155555afa4d1
966a6cf9-5a17-4b0f-81df-3dc22363e270,a466c0e1-30b3-4062-aeb7-3712491907c1,ae051471-af91-4f28-bce6-2080d52197e0
91a956b0-7d0e-4f7e-abab-a903c8663f4e,a466c0e1-30b3-4062-aeb7-3712491907c1,52dd9ee7-5348-4698-942f-3f3b2edc8500
4a88c854-6893-4366-8bfa-26576ceebd2d,a466c0e1-30b3-4062-aeb7-3712491907c1,b064d839-d5af-40cc-aa68-0009cda92ae4
f6afb47b-9df9-4ee2-87d9-6e2867881ab3,a466c0e1-30b3-4062-aeb7-3712491907c1,25adf996-6d22-4d4f-b33f-9d989c116495
2a30d8c2-97a2-4271-bf0d-5eca1d1b64b0,a466c0e1-30b3-4062-aeb7-3712491907c1,4276972c-4fb5-454f-b2fa-f68eb86ac310
97cc8dcb-fc02-43a3-bf79-70a08a46dddc,a466c0e1-30b3-4062-aeb7-3712491907c1,3e8ae8fd-b34d-4c50-a9ef-400b6ea46477
ba496275-743d-4631-92f5-7d723d351279,a466c0e1-30b3-4062-aeb7-3712491907c1,3ca7f2c3-b123-4905-afb1-adf867f649f3
942c7c92-0278-406e-ae2e-648cb6c62746,a466c0e1-30b3-4062-aeb7-3712491907c1,c0feab65-3d0d-4096-9646-1509be348a83
d90b3e41-9831-40fa-b2c5-d341666ba8df,a466c0e1-30b3-4062-aeb7-3712491907c1,ed418cba-a5e8-47a9-a245-0a72fc004c8c
60b283e3-438c-4b38-b78c-659bd544934e,a466c0e1-30b3-4062-aeb7-3712491907c1,1c4b831c-18e0-4f5d-99ac-285e21649765
8480d667-c300-4485-b458-125c54267018,a466c0e1-30b3-4062-aeb7-3712491907c1,7d6ffe9e-1782-465b-8008-0a15cbb04c58
aefd556e-c441-4eff-b39b-016477dd8978,a466c0e1-30b3-4062-aeb7-3712491907c1,635c0608-e523-4255-bbea-bf54eccd4630
1c8a365e-bdfa-44a1-8938-e4ce5bea96cf,a466c0e1-30b3-4062-aeb7-3712491907c1,09af3c80-3bfc-482e-9cee-a8566b7b0dee
8f85523f-506a-413d-9c36-9feab3dbde3c,a466c0e1-30b3-4062-aeb7-3712491907c1,e1a06e37-d2f5-4ca3-ab2c-babf7651b84f
9c13311b-5a75-4f41-afc8-2fe34cbb44aa,a466c0e1-30b3-4062-aeb7-3712491907c1,23a39e3b-af20-4d0d-8d49-feb625ac3e91
504992f8-7296-4650-b922-edd9ec260e24,a466c0e1-30b3-4062-aeb7-3712491907c1,c82b21b9-9330-4bac-b3cc-94e00519ab20
7a67325e-0346-4d4f-a9e0-db0f08d2d4ed,a466c0e1-30b3-4062-aeb7-3712491907c1,85afa4ab-5aa6-4fe4-a323-421591cf087f
4bf1a874-74b6-431f-85ac-92c5ec30e6fa,a466c0e1-30b3-4062-aeb7-3712491907c1,56850b2d-c11d-4198-8784-09b2f30efe12
8b47d63e-4023-4c22-928b-93d572d8f2ed,a466c0e1-30b3-4062-aeb7-3712491907c1,b3a1bc55-21a8-43c3-8e6c-35abc721b1b4
19b23814-01a8-4f87-9d7f-21015801f59a,a466c0e1-30b3-4062-aeb7-3712491907c1,40c13c67-365f-4a50-96ea-62fdedcac424
c91d3708-d689-4166-8557-e7b98f04e57a,a466c0e1-30b3-4062-aeb7-3712491907c1,314bbb49-4419-4179-8801-0f59c9a05c61
fb4518d4-4c18-4689-a3c3-e917a6272626,a466c0e1-30b3-4062-aeb7-3712491907c1,a2fd7c82-3584-4d84-b9a7-9b645e745026
a0bb864f-6757-4dbf-b630-8b4a0d11634f,a466c0e1-30b3-4062-aeb7-3712491907c1,cfd5d6cd-639a-48f2-8ed9-2e0a9fbdd2f9
3f37f63e-5fc0-41b4-a4c9-48cb554a308d,a466c0e1-30b3-4062-aeb7-3712491907c1,3080585c-1b09-4558-99a3-867a0bc34b63
772009d8-675d-49ed-9348-343b39675c49,a466c0e1-30b3-4062-aeb7-3712491907c1,20deba6d-9687-4b04-9775-09d0a5236f52
5fd5a999-cc82-4a7e-b0f5-0523216a4008,a466c0e1-30b3-4062-aeb7-3712491907c1,6aa62781-2a36-4369-962d-9d020966008c
6364c495-7e45-4842-b381-a13681ed8e4e,a466c0e1-30b3-4062-aeb7-3712491907c1,d7b615f6-c6a0-4d96-bb37-4b766a1ab8b6
8949be99-0e27-4354-9b7f-cfa9d8b39c2d,a466c0e1-30b3-4062-aeb7-3712491907c1,bb3b1452-dd99-4982-8d21-85be2ec5bf4a
997e0db8-cb07-4b22-9177-8534ded04600,a466c0e1-30b3-4062-aeb7-3712491907c1,66874650-7b37-4e4e-86c2-6838b355dc7d
6c81aa1d-43e3-4dbc-8df9-e41069680571,a466c0e1-30b3-4062-aeb7-3712491907c1,9a909d0c-7ebe-4ed1-ace4-f63e51a874db
24a70143-6a07-464a-a4a1-e7746b9e8133,a466c0e1-30b3-4062-aeb7-3712491907c1,9ca1a9ba-c9a9-458c-9a26-c9187472e22f
e35f5dbc-a92d-40be-b990-cd7588a712e4,a466c0e1-30b3-4062-aeb7-3712491907c1,b1dbd648-c0cf-4688-8ef4-bbe4757a3775
edb5f053-e6cc-4446-8356-8e800ee67e1f,a466c0e1-30b3-4062-aeb7-3712491907c1,6352f3ff-a367-4d2b-9ca7-25ad07bd6ac4
84d186de-3094-4cf5-a08e-70c95bd6d635,a466c0e1-30b3-4062-aeb7-3712491907c1,60a85c4b-89bc-4086-86e5-269d87db579c
8d492906-a3cb-4349-a648-c7d4816d7860,a466c0e1-30b3-4062-aeb7-3712491907c1,2efe36fc-3c3f-4fd1-abc2-fe710943028c
ec3fad5d-f57e-4d3e-b35c-cb74706b3a56,a466c0e1-30b3-4062-aeb7-3712491907c1,def243de-9b72-4eba-bb2c-cbc41b708409
b06ea042-dc3e-4b5e-b3d4-32a2e545adec,a466c0e1-30b3-4062-aeb7-3712491907c1,7bf0cc83-ded3-4205-8a44-cf1893f2985e
bac21a57-a6e3-401b-aa04-c2ce77a52839,a466c0e1-30b3-4062-aeb7-3712491907c1,09092050-6da2-4947-9112-b12588a0f7f4
c3e74aeb-2a70-4414-a242-2c0110981cdc,a466c0e1-30b3-4062-aeb7-3712491907c1,f110f23a-569d-44fc-b02e-de69d85f670b
ae4ddde1-e3cf-4a4d-bdda-be3ec48a3eaa,a466c0e1-30b3-4062-aeb7-3712491907c1,06312101-85b0-4521-ba05-7a26b35d28c0
831a78fa-7bcf-4927-acf0-6e5ecec83c2f,a466c0e1-30b3-4062-aeb7-3712491907c1,e8fd072d-84c8-46db-ba5a-6056d709fd5f
d60da355-7530-4ed8-9ac0-c1aab61758c2,a466c0e1-30b3-4062-aeb7-3712491907c1,15929613-c928-4ad8-b0d4-5ffcd877bc7b
9c9c1f7a-8aae-4237-9028-26a85e080e75,a466c0e1-30b3-4062-aeb7-3712491907c1,c98f90eb-823f-4804-8eef-04b7e711d925
c2f7e272-0e20-447f-b775-27dd2b360816,a466c0e1-30b3-4062-aeb7-3712491907c1,1e3b65fc-9a92-4122-a1cf-56e4acab2109
e79f2709-dfb7-453f-8c78-5fed73a88e9d,a466c0e1-30b3-4062-aeb7-3712491907c1,419878aa-5dd0-4112-8e92-6c3ede0fa505
60d36e00-1f36-4aab-9354-b2c5429a8d6a,a466c0e1-30b3-4062-aeb7-3712491907c1,7d220b45-4dc5-4d2c-a18b-04a0841a679f
d838e9da-9238-4930-bfb3-65c4160d6c7a,a466c0e1-30b3-4062-aeb7-3712491907c1,3b2fae5b-91b6-4fd2-a456-c6eb46f8ec53
ecac942a-1636-4ac4-8061-e99bfec67087,a466c0e1-30b3-4062-aeb7-3712491907c1,80324c35-ee67-4bab-aa6a-55d0ab17a056
5e3da27d-c751-4698-80b3-2f6890018513,a466c0e1-30b3-4062-aeb7-3712491907c1,7152935f-b077-4398-914e-351d118c9c52
7cd2176e-8054-4efe-bbf6-732659c5b566,a466c0e1-30b3-4062-aeb7-3712491907c1,b780ef27-ab00-4744-bc19-5ea7fa84dc52
4dd1fb55-f9cf-44c3-8b58-e490810aaa1f,a466c0e1-30b3-4062-aeb7-3712491907c1,2e11a0ce-d292-4dcd-a3f0-91fb49b83ccf
274a8aaa-8df3-4357-bf74-f92e20b34ad6,a466c0e1-30b3-4062-aeb7-3712491907c1,a8cc7a63-0411-4e44-b116-4bcb4fba0e46
5e94bdb4-825d-4dca-af58-93184a3251eb,a466c0e1-30b3-4062-aeb7-3712491907c1,9ab60db5-b58f-49f5-ae8c-56f29998b81a
058ebd89-2835-4ef1-9abf-6844b425e644,a466c0e1-30b3-4062-aeb7-3712491907c1,504621e2-e6d7-44f8-ae87-990342a08b41
046f8886-f19e-49cc-bf3b-9a5d2016815b,a466c0e1-30b3-4062-aeb7-3712491907c1,9324d9d6-2211-4762-9e6a-e0509c4be9fe
1c4b217f-2cc9-42a9-9783-ad0a96f82ad0,a466c0e1-30b3-4062-aeb7-3712491907c1,f3e6bb58-d3c1-43bc-8e1c-3d3162f8b293
2e1d8c87-8b07-4168-8599-6ec8eedb9642,a466c0e1-30b3-4062-aeb7-3712491907c1,8467cae8-af59-4124-83e1-ca40f4c9e270
935a50f5-1ce2-4089-b263-f620a1ce803f,a466c0e1-30b3-4062-aeb7-3712491907c1,b578146e-1b8f-43d8-98e7-ccb0e74fa88c
1ffafb22-d671-473c-81e1-a9a74c977365,a466c0e1-30b3-4062-aeb7-3712491907c1,f98fdc47-ca9c-4e9b-96e3-7bea7d1c8b3e
31bd2c49-9ef3-425d-9ac2-408005ba0971,a466c0e1-30b3-4062-aeb7-3712491907c1,8bd12d1c-1056-4c3a-8aa8-8817c2e89a6e
880b4f63-ab43-41a1-b672-9c92b711b3c2,a466c0e1-30b3-4062-aeb7-3712491907c1,20c97b75-2042-4766-86af-e3afae42a446
0f654944-6845-44c5-aa3e-a3936880d9e1,a466c0e1-30b3-4062-aeb7-3712491907c1,eb358963-fb79-4ad2-931e-7dfc363ad462
274c2773-7577-4069-9d89-5acc3649b764,a466c0e1-30b3-4062-aeb7-3712491907c1,022cb3a7-32e4-45b7-a7e8-e0768bc484cb
f0f86236-7ce5-42d2-bea5-63a9898cd322,a466c0e1-30b3-4062-aeb7-3712491907c1,56e3e600-b8da-4a3f-983a-e9b887573f50
4bdab02c-d339-4eff-bbf1-5f132cff570e,a466c0e1-30b3-4062-aeb7-3712491907c1,684f68e7-108a-4c06-9b3b-076442a1fa3b
a9f96333-28b3-4fbe-91c4-f656ec43a4e0,a466c0e1-30b3-4062-aeb7-3712491907c1,9d28728c-2da9-4a1a-892e-f90a0952106a
cf459784-5680-4299-b3e8-276db00ea433,a466c0e1-30b3-4062-aeb7-3712491907c1,0aeef5ca-c3e3-4649-b9b5-12529d2137d9
549dccc9-2928-48db-beb3-55e8acb19edb,a466c0e1-30b3-4062-aeb7-3712491907c1,d4d8f800-38f5-4073-bc75-134171aa54e1
29518bd4-02e5-4478-b73f-5b3f44e1fad7,a466c0e1-30b3-4062-aeb7-3712491907c1,d97e6eb5-5e94-4a75-929b-0569d8273e22
aa1ab69d-9956-42cb-9316-36f58ab257bc,a466c0e1-30b3-4062-aeb7-3712491907c1,99729bf6-e704-41d1-b49e-b6fc53e5bb03
a30f7685-33db-4212-bf55-aab7a453d007,a466c0e1-30b3-4062-aeb7-3712491907c1,17b18914-6777-42f4-8d60-a2690d325d72
7ad3d853-6d98-4341-abf5-6a0092442cea,a466c0e1-30b3-4062-aeb7-3712491907c1,2a16b94b-dfa1-43b4-a343-b6c4fcd480c8
e49b501d-504e-413c-9eff-cd8f136e81d0,a466c0e1-30b3-4062-aeb7-3712491907c1,f9bb9625-a1ab-4e4f-9590-3c76b7eea9e4
7b5baf7c-c902-4827-a105-3a444fb097f0,a466c0e1-30b3-4062-aeb7-3712491907c1,2f2ff447-4c86-4f04-8f61-c69a069fc5f9
2a35b9ef-df03-490a-be6f-5f0fccdcbde7,a466c0e1-30b3-4062-aeb7-3712491907c1,9342b570-b037-480a-af79-5ba28e20a58c
cad19e00-e13a-4c51-a389-ce50246ed034,a466c0e1-30b3-4062-aeb7-3712491907c1,5213e495-0b73-4e45-89bb-9d9871163ba0
c1f470f3-8080-4a07-8e9c-fb648f75bd55,a466c0e1-30b3-4062-aeb7-3712491907c1,e0a82c76-4933-4683-bacc-ccf0178e86c2
a35a59f2-2b36-4a36-ba62-7ef5a27a150f,a466c0e1-30b3-4062-aeb7-3712491907c1,61ca8039-5190-4fe0-a9e8-e87df73f4ccf
528f770d-967f-43c2-bf18-68b133fdb93b,a466c0e1-30b3-4062-aeb7-3712491907c1,310e974f-320b-4168-b01f-0deb52bebb0f
0a8a204a-8c75-4df3-a988-6eca7afda057,a466c0e1-30b3-4062-aeb7-3712491907c1,b682e470-f597-4675-a374-c0235dc89231
06438a66-8425-4e37-9f94-deefb0aab3cd,a466c0e1-30b3-4062-aeb7-3712491907c1,f6b46d35-3243-4c79-85b6-5ba28870ff59
be3cf559-d347-4094-bf58-62d9260f7862,a466c0e1-30b3-4062-aeb7-3712491907c1,81dd3e61-322e-4879-83b9-b27dab6ad934
fc430e35-56f5-4fd4-804e-5005f5faaa63,a466c0e1-30b3-4062-aeb7-3712491907c1,9c33e86f-2d20-41d0-bb58-719828fbe64c
1b4ddfb7-6293-4fd0-8480-2612f520773b,a466c0e1-30b3-4062-aeb7-3712491907c1,846342dc-8db0-41da-b268-b94eb4ac0aa2
161ac7dc-e35c-442a-acac-d09df516cdb2,a466c0e1-30b3-4062-aeb7-3712491907c1,6d59fb3b-3261-4f24-84fe-2f55df485b83
ab74b292-2053-4d43-9327-ea4f773f9e4d,a466c0e1-30b3-4062-aeb7-3712491907c1,3d584bc7-4a4a-4c81-8041-be543aa050fd
9114c50f-bc89-4030-a1bf-ac36a18335f6,a466c0e1-30b3-4062-aeb7-3712491907c1,b99fcb0f-e8fa-44ef-a507-468b20c45930
77fc3d1b-ccae-465e-aa0d-942ccfee3c8f,a466c0e1-30b3-4062-aeb7-3712491907c1,1120a146-36ab-40c0-b59f-eff11db46a27
ed1a7536-33ff-4fb7-85d1-5ebc21c5b644,a466c0e1-30b3-4062-aeb7-3712491907c1,6aed6702-e8aa-4a28-91a2-098a353dbad4
30cf4c34-ab93-4afc-a0c3-69669d2e7341,a466c0e1-30b3-4062-aeb7-3712491907c1,e07a48c3-33d0-4a0d-94c8-857714272588
96bd7458-a09e-47fe-aafa-383c399c8fd3,a466c0e1-30b3-4062-aeb7-3712491907c1,6408deb8-8d3e-4bbc-9cb2-73b6d618c043
2927173e-b13e-4d12-b58b-fb0648f0837a,a466c0e1-30b3-4062-aeb7-3712491907c1,35553fd7-dbf4-463d-9c26-3518bf044279
e696717b-75a9-4be3-a0d6-62d0c0cf8555,a466c0e1-30b3-4062-aeb7-3712491907c1,e2a3c1db-e1eb-432e-8b08-003a3ed1c6ad
597d9cc2-dfdb-4e9d-8a4b-e87b2549ba04,a466c0e1-30b3-4062-aeb7-3712491907c1,c20de333-9bcf-4d4b-8650-53bcf5ab0a2f
924c8ae4-9fec-4a86-9ad1-a19557368ac3,a466c0e1-30b3-4062-aeb7-3712491907c1,c036f82e-ecc5-4865-b297-6db0a8050301
ce3c5da9-3584-404c-9b7e-d1a0c82dd547,a466c0e1-30b3-4062-aeb7-3712491907c1,1e9eb752-8276-4481-b06b-cc2fc045dea7
0e2f2a2c-357e-4f71-b536-68ddac20b9ce,a466c0e1-30b3-4062-aeb7-3712491907c1,e3d2497e-5c51-4218-ac61-151db830edd7
780b6229-c98e-4261-bbb9-ea6cbc6f2c61,a466c0e1-30b3-4062-aeb7-3712491907c1,356f1996-3c09-456b-9bda-c31ee829a1c9
7e48ad7d-c780-473c-8ebb-7874d3cfcade,a466c0e1-30b3-4062-aeb7-3712491907c1,dd036bbf-69d5-4f43-9707-a6403330b119
c2042a14-8062-42f0-a943-f79f8dd8b440,a466c0e1-30b3-4062-aeb7-3712491907c1,a31eda93-a3c4-4f5f-8d97-84b6e55d857f
970a259e-0471-439a-a035-50dba3754150,a466c0e1-30b3-4062-aeb7-3712491907c1,90c4b6ba-f068-445c-b969-3fa4d35fc743
f30e2e9a-8e8c-43d6-8d8a-dc3115b75a88,a466c0e1-30b3-4062-aeb7-3712491907c1,1f22a3e8-e2c0-4a16-b060-8e8d00ff05ec
a42c7d2c-d2ba-4e5f-961b-d0ba405bdafa,a466c0e1-30b3-4062-aeb7-3712491907c1,579b3e5c-0732-4ad7-af24-12fb5ff86772
26fcbcd0-3be2-4d5d-a2e3-69f30619a181,a466c0e1-30b3-4062-aeb7-3712491907c1,0902ed32-b089-4e37-a810-488af9b7f344
7af348ed-c87d-4a7a-8e90-2ae0d69b4332,a466c0e1-30b3-4062-aeb7-3712491907c1,6e3dbc88-45d2-4b7e-9153-0d6be8bc5d49
8fce7746-e089-41ff-9f77-9567da4369c7,a466c0e1-30b3-4062-aeb7-3712491907c1,2d16568c-d54e-47bf-aac3-897abcf03c7a
60fb53fd-4914-4cd1-8bbe-a4b6459d52bb,a466c0e1-30b3-4062-aeb7-3712491907c1,e32a14e7-4e34-496b-81ad-cc433a497351
5ef8eef3-23e4-4bed-9303-5356a8caaceb,a466c0e1-30b3-4062-aeb7-3712491907c1,28dc6439-d7cc-4ce2-9829-ac8676d3fb60
5263460f-35fd-49e1-ac72-ffeba3aa59d0,a466c0e1-30b3-4062-aeb7-3712491907c1,02d38fc7-8154-4f99-b00f-0118a705ae9e
38e0460d-27c4-41f5-951e-0e5585cd6cbc,a466c0e1-30b3-4062-aeb7-3712491907c1,fec5acde-ceee-4e44-a6e5-a2082b05b436
a4f78f4e-83f1-4a65-9509-934d902a004f,a466c0e1-30b3-4062-aeb7-3712491907c1,af14ab63-a698-48a5-a153-c041789677fb
c5f41a4e-343a-456c-8e56-37a61d863477,a466c0e1-30b3-4062-aeb7-3712491907c1,14a8cc2e-02b7-443f-99c0-9b8ffc3e4f6c
3c1f3bd1-fd5a-4783-9573-92990cf146a6,a466c0e1-30b3-4062-aeb7-3712491907c1,f7dd22c3-2f21-4cff-9473-3478deca53b9
a167392f-3783-45e7-87dd-992f37301343,a466c0e1-30b3-4062-aeb7-3712491907c1,dcf53847-3e5d-4e3a-bfa4-67edd8df0e2b
a47ef174-7be0-448c-b6dd-6513462e8afd,a466c0e1-30b3-4062-aeb7-3712491907c1,24ef9e6f-b59a-4534-bca6-41c96802d126
ceed9491-f2ac-46fa-91de-dc4af98f7283,a466c0e1-30b3-4062-aeb7-3712491907c1,cd90ce7e-8630-478b-9612-a1110a93ce9b
92082d5f-5cb4-496c-bff0-3f13307f4c8f,a466c0e1-30b3-4062-aeb7-3712491907c1,4f1eaa86-d028-4beb-b9a9-e604f16e1685
e70bbd88-9fd2-47e4-824a-f7d8badfe424,a466c0e1-30b3-4062-aeb7-3712491907c1,28fd850c-af3a-41cc-a576-9416545528b6
1951bec9-33f3-463c-99e8-a613a5ed885a,a466c0e1-30b3-4062-aeb7-3712491907c1,2dc5dea6-20dd-43ac-bd44-d53bbdffbf37
6ff9fce8-755b-4986-9ef8-601c598c1590,a466c0e1-30b3-4062-aeb7-3712491907c1,98bf5af3-cd67-40da-bc2c-7bad0f06e057
933e9d8a-34c8-4ef3-b762-af8fdacd130e,a466c0e1-30b3-4062-aeb7-3712491907c1,fc2bb767-c706-4267-93c5-b16992196067
56feee20-2c31-441f-b8d4-d2ef1c327fba,a466c0e1-30b3-4062-aeb7-3712491907c1,067ed7cb-ed16-4170-bd62-73bf188b46f6
0491e828-eaef-4a9c-b024-78c59fda4717,a466c0e1-30b3-4062-aeb7-3712491907c1,d0d05dd6-3bef-4fe3-abd4-0c23ea1ae1a8
9898255d-acd7-40c0-9fe4-ad6839467e8e,a466c0e1-30b3-4062-aeb7-3712491907c1,b7fc182a-3fb0-41b9-9dde-7a2b86cc6f75
dd389d7a-58b3-4611-bd28-0710c452181c,a466c0e1-30b3-4062-aeb7-3712491907c1,070a0596-24a9-41a7-bf21-b3b7fd121d3f
44667b7e-f555-40ca-98f5-05c31966ed23,a466c0e1-30b3-4062-aeb7-3712491907c1,02167632-0c83-46d2-9ecc-e7072065c5ad
90479541-6d0a-413f-9447-a1049fc5c887,a466c0e1-30b3-4062-aeb7-3712491907c1,02549220-db3c-4190-a518-0dca7d1211fa
a60ee580-f0a8-4a69-bdbe-fae3a82f5f24,a466c0e1-30b3-4062-aeb7-3712491907c1,d2ef57c9-cde3-4d2c-8b5d-6c86509743f6
9a054e7d-60ba-4d0e-8f59-9cbf29f1a0b9,a466c0e1-30b3-4062-aeb7-3712491907c1,874cdf91-9e84-4b05-9648-5dcb6b6cf1ef
59432124-981d-4f18-9b96-5a556bc52520,a466c0e1-30b3-4062-aeb7-3712491907c1,0a18e8b5-cdd7-481b-8990-c6a1b23b02a0
f51e15ea-60b7-44b1-b390-7c674a20a52d,a466c0e1-30b3-4062-aeb7-3712491907c1,43ef7edc-cd4b-4387-835a-1211805cd5c5
071d3358-fce9-48f1-a784-6df27488f8b5,a466c0e1-30b3-4062-aeb7-3712491907c1,ee59c86e-bc57-44c0-beae-d53096830d51
10d610f6-7780-4a5d-9119-580c2b078390,a466c0e1-30b3-4062-aeb7-3712491907c1,3c49cf55-de9c-4524-9546-9a61ae94e1b7
ff5e37b2-f35b-4775-a738-4bceca2378c6,a466c0e1-30b3-4062-aeb7-3712491907c1,8a63a550-543f-4cb1-ac57-0ad384f5712b
a31e147c-9600-4a0e-972d-aa4a842fd4b1,a466c0e1-30b3-4062-aeb7-3712491907c1,cfd1dea8-188f-4feb-a415-369bfa4b10fd
b3d344f6-b65d-40b7-af8d-3c4841e56e8e,a466c0e1-30b3-4062-aeb7-3712491907c1,dc9e2c44-ffa6-49d4-8234-65f3ad2858e1
6a7c5327-e7fd-4390-ab5e-b7fe29ba761b,a466c0e1-30b3-4062-aeb7-3712491907c1,bd018099-5ab4-4f60-8709-eaca7ce4a1f0
8debd30e-43eb-44f9-9f54-82978d6cc59d,a466c0e1-30b3-4062-aeb7-3712491907c1,39f14d40-844c-4069-92b1-c4e2246e9426
b847b2f5-8076-43a0-9e18-fde66579b1d3,a466c0e1-30b3-4062-aeb7-3712491907c1,f5712167-dc63-485d-89d0-27779ea837c5
ecc7ee1f-1414-472e-b1be-5343181864d1,a466c0e1-30b3-4062-aeb7-3712491907c1,a583fabb-ba81-4e03-ad1c-fa06cd4b8edc
a889a8ca-8060-48d4-90bd-dd6ac9336266,a466c0e1-30b3-4062-aeb7-3712491907c1,5e95a983-b414-4b26-91f6-254af42e459c
b6377f88-bc3f-4666-9c93-afeb2ba178dc,a466c0e1-30b3-4062-aeb7-3712491907c1,15c42d89-1832-4928-8eac-ea43fd3359ea
f9db0810-6d7b-43a3-91aa-f810c9f583f7,a466c0e1-30b3-4062-aeb7-3712491907c1,8c6aadbe-f8c2-42b2-b26a-c7c85483e42d
3bfa7e79-e998-43ba-baa9-56a13c73a4f6,a466c0e1-30b3-4062-aeb7-3712491907c1,2542bada-f1f0-4d07-8cba-53b83b20ca8c
c76a97bd-5651-4db9-a47b-ce0692817528,a466c0e1-30b3-4062-aeb7-3712491907c1,2f25320e-df38-4027-aca5-93d7022eb66a
6c085e3b-55a6-413f-bb3f-b3b8547e063d,a466c0e1-30b3-4062-aeb7-3712491907c1,520c1dac-fdbf-44fb-9479-d290438aca82
4ed69e50-7528-4b94-8f34-600f38f900f0,a466c0e1-30b3-4062-aeb7-3712491907c1,d84d78df-2e37-4fb6-a7ed-b9de39893fa5
6bd6914c-89ca-4272-bc76-0776e8878504,a466c0e1-30b3-4062-aeb7-3712491907c1,2a2a36ad-cdbf-4916-b45c-5ac2555deb1e
24cd66f8-85ca-40b2-aa0f-589dd5821f29,a466c0e1-30b3-4062-aeb7-3712491907c1,2f269672-a340-4968-8d0f-b4da64fe752c
cf7a9bd1-b24a-42f7-97b9-d0700704b441,a466c0e1-30b3-4062-aeb7-3712491907c1,4be99f54-78fc-4261-b913-befd88114823
dd7172ca-f7d8-4eef-8c1c-f4110bd192bf,a466c0e1-30b3-4062-aeb7-3712491907c1,e2db1c0b-0a18-4aba-8322-65a7c97a243f
a2b8e222-0551-46ea-8d6e-2e82ec9205bb,a466c0e1-30b3-4062-aeb7-3712491907c1,7bd36ff5-d226-47aa-830f-da464f56ad96
c2d26415-0a5a-4af8-a8c9-69d7642e97aa,a466c0e1-30b3-4062-aeb7-3712491907c1,35db3432-662f-4756-894d-578fa00591ff
711da505-b0da-4ceb-babe-6395503f50f7,a466c0e1-30b3-4062-aeb7-3712491907c1,3824d264-a66e-4314-8c6f-efc51f994082
774ed9a8-98a1-46b9-98a6-ab7c6ac84e42,a466c0e1-30b3-4062-aeb7-3712491907c1,a4b6d793-bcf7-422d-ba9d-e9066c417ab2
8c1a3c30-af3d-468c-a37a-a8aecd03df2c,a466c0e1-30b3-4062-aeb7-3712491907c1,6a040093-4f22-4799-bb91-528848292da5
8b55ca42-6c3a-4dbd-8ab4-c8cced48fc2d,a466c0e1-30b3-4062-aeb7-3712491907c1,5c43e967-9ded-4887-8641-f912417a299f
760eb7f7-2a37-4ff2-bf85-8ce9a0ee2bc1,a466c0e1-30b3-4062-aeb7-3712491907c1,e62bb977-b7bd-44b1-9aba-2433302cd8fd
ee60673e-8001-4b74-b60d-9f1f5e15d293,a466c0e1-30b3-4062-aeb7-3712491907c1,31fe22ba-e65a-4fc1-b636-ebfe2f39d7aa
465d675d-3f07-4685-b84a-b2c6ea08abb0,a466c0e1-30b3-4062-aeb7-3712491907c1,b2110d5a-dff3-4420-b1b6-36fe8b889508
e9f2e5fe-8e09-45de-aaaa-b1593f3db72f,a466c0e1-30b3-4062-aeb7-3712491907c1,abc980fc-43b0-4555-a731-18164291a94d
00ee20d8-b696-43d8-88b0-3dddb140eefa,a466c0e1-30b3-4062-aeb7-3712491907c1,c0a7ff8d-e04a-429f-b044-224b353217ad
340aa819-122f-4e31-afa2-3e3038ac401f,a466c0e1-30b3-4062-aeb7-3712491907c1,c3ade1c2-8593-4612-bed7-4060a4a99433
025ffe4e-65b7-4fe7-9851-9fbba69237d2,a466c0e1-30b3-4062-aeb7-3712491907c1,bf5d9ef5-a0fa-45f0-acd6-fbc081bf0c41
539343cc-d584-4355-8979-5167c3076c3f,a466c0e1-30b3-4062-aeb7-3712491907c1,2939893c-3a18-4724-889e-5c2acfb4da73
1c4de274-e5ed-4d9d-acfb-c881d999ead5,a466c0e1-30b3-4062-aeb7-3712491907c1,2afcbb7f-5112-4d1d-b43b-852818a9f48a
0c7dc43b-d2a2-4685-bf9e-8a1cc02ae28b,a466c0e1-30b3-4062-aeb7-3712491907c1,d3c67402-dad9-4940-99de-83b60c0ca934
2b236940-f407-482a-b037-35bbc3841f0f,a466c0e1-30b3-4062-aeb7-3712491907c1,8794b9da-eafc-486a-955d-7a3d3b1d6af2
7fe4e49f-c76b-46c0-a16f-222c7e36ed97,a466c0e1-30b3-4062-aeb7-3712491907c1,34bf3614-840b-45ea-8a46-cbfa04d059ee
f03d8078-b98a-4c98-a207-be8e1de24f35,a466c0e1-30b3-4062-aeb7-3712491907c1,54661e92-f53f-4b5c-8417-79dd3ba9fb74
a7948552-0d8e-4c5e-bf2f-c7bf35722746,a466c0e1-30b3-4062-aeb7-3712491907c1,99bef468-a1f0-4586-bac3-e42eaae4bfc0
c7c374f6-be44-42f8-a965-6a3b7c9226df,a466c0e1-30b3-4062-aeb7-3712491907c1,fdeecdd8-48ac-4bde-b8fb-b330a5a0e33f
9ea4d1b1-3b64-4cbe-8fdd-e6e1504df490,a466c0e1-30b3-4062-aeb7-3712491907c1,71803abc-6ea1-4d0f-a455-e3179c56c662
d666e2b1-2261-41eb-ac68-0a37403ff743,a466c0e1-30b3-4062-aeb7-3712491907c1,f66f26a1-b894-46f4-a1bf-5ac3226e7180
ef417bc0-ca62-4843-a1bb-a46d4e318478,a466c0e1-30b3-4062-aeb7-3712491907c1,1662ca5c-7785-47d1-bc35-7a1bf8d44441
909757bb-53c6-479f-9123-b96ec80e8d8d,a466c0e1-30b3-4062-aeb7-3712491907c1,1aafd17a-b1fe-4f6b-98f5-255bab89b736
e8e0b757-ab2e-4c29-b2b6-f2bcbee4e721,a466c0e1-30b3-4062-aeb7-3712491907c1,37f217ae-bdba-40e7-a3f3-0c18270a14e6
26473ddf-0a6a-4d37-a05f-cfafdf3c736f,a466c0e1-30b3-4062-aeb7-3712491907c1,c212d2dd-42b1-4e30-94dc-2947013e96ad
faf871f5-42b7-453a-af02-8a1d8a7a6bec,a466c0e1-30b3-4062-aeb7-3712491907c1,4a00609f-7f53-481d-976b-8d8324b8efd6
2082ae95-8d88-447f-9b67-f29c78e3178b,a466c0e1-30b3-4062-aeb7-3712491907c1,20f67048-42eb-4c06-ae55-e59ab87b6a43
0e012500-41d7-4b62-86ce-7f743b3eff12,a466c0e1-30b3-4062-aeb7-3712491907c1,abd6471a-0a5c-4152-b9e1-50e7eb722391
a0f3bc91-9871-49f1-939a-42af157cd95a,a466c0e1-30b3-4062-aeb7-3712491907c1,31b560cc-049c-4b9e-b7c6-14bf04789ea1
e1bad353-afda-44a0-8f14-89b666eb5643,a466c0e1-30b3-4062-aeb7-3712491907c1,48c5eadb-c621-4cb3-88d9-7e82e7de722f
1e652672-55f9-4db6-af69-75be2521d502,a466c0e1-30b3-4062-aeb7-3712491907c1,237664c9-75c8-486b-9d04-93171a0b3243
a02c6df9-fefe-4ea1-adfc-1489e0165a7a,a466c0e1-30b3-4062-aeb7-3712491907c1,f880393d-60e7-4750-b9b6-daaf0e4dd53f
75c0ce6f-a126-479b-9ea0-bfe63bda8505,a466c0e1-30b3-4062-aeb7-3712491907c1,a34a0ab9-1630-42bc-aeee-51aee5acb369
67b2a374-54df-449d-9657-dcf20615c567,a466c0e1-30b3-4062-aeb7-3712491907c1,032a736d-e286-4032-92f4-f86fd1e6c09d
74d7a3c3-3721-452d-9a24-518f7906a603,a466c0e1-30b3-4062-aeb7-3712491907c1,cbfc8b62-28bc-4e5d-9f12-2dfabe4aaa82
e938678e-bfab-4305-9b00-a26cd88e9ffb,a466c0e1-30b3-4062-aeb7-3712491907c1,c1219b96-7954-483c-a8de-7714c754c742
4e52044c-b2f6-46bf-b9d8-6197707691e8,a466c0e1-30b3-4062-aeb7-3712491907c1,61321044-608b-4167-9038-2e5ea47785fc
2bf6db10-4b75-4d0c-beb0-809443beafe8,a466c0e1-30b3-4062-aeb7-3712491907c1,d4532ad0-d385-4540-836b-3d8fcdfb5779
be9209da-a4ab-403f-991f-8ed7d509e2f9,a466c0e1-30b3-4062-aeb7-3712491907c1,a4a608ea-9932-4054-8946-bdfb30bbaeb0
ea78f908-cb0f-4578-98af-af586de12461,a466c0e1-30b3-4062-aeb7-3712491907c1,f41bb332-860d-47d4-8c86-bb5f1673e22c
9adfa15b-6a78-4c6b-895c-4bfe9fc462cf,a466c0e1-30b3-4062-aeb7-3712491907c1,b5eb861e-76d6-490d-93ea-658e1184a041
a18716e3-1307-423f-9a5e-5da4b37fbdf0,a466c0e1-30b3-4062-aeb7-3712491907c1,00d9d9e5-b9d4-4e6a-a557-26bff177bb8d
f8af4e7d-6e07-4aa5-ba19-88bd9cabd87d,a466c0e1-30b3-4062-aeb7-3712491907c1,f0c44b1e-8048-4b44-9bbd-452f19990420
6101b8f4-cf29-4e4a-a95e-df92362c544e,a466c0e1-30b3-4062-aeb7-3712491907c1,a878cae0-ffa0-4c6b-a8c1-a50140f31e29
51c475ba-cb86-4a74-9bad-19a14ebd9c4b,a466c0e1-30b3-4062-aeb7-3712491907c1,0731e0df-0ef9-459c-9ac0-345125d4a0e7
90e71795-d6af-4629-be6a-5aa0c24caa55,a466c0e1-30b3-4062-aeb7-3712491907c1,8245efd5-aecd-4fbd-bdbe-c8ecafa89a84
ea1c591b-a224-49ad-8bd5-5deecd26edc3,a466c0e1-30b3-4062-aeb7-3712491907c1,d72e179d-8bff-46de-8681-d337e680eac7
1fda9c6d-153a-480f-a644-0035fdb8b4eb,a466c0e1-30b3-4062-aeb7-3712491907c1,af3de1ec-6cf0-45cd-969c-c31cad5eeabd
a2fa0e7c-012c-4758-9387-4ea8229134a0,a466c0e1-30b3-4062-aeb7-3712491907c1,73ca2a12-645a-4bb0-bdfc-1bc78cb60cf0
af6da58e-7100-4e85-a8dc-335fc2bc0001,a466c0e1-30b3-4062-aeb7-3712491907c1,6485716c-ef53-4153-80a5-9297580c1085
5f21ecf4-52a4-47fc-a424-5da1278a3e1f,a466c0e1-30b3-4062-aeb7-3712491907c1,667aee50-5b3e-416e-abc2-b5849ad65586
02ffa74d-00cd-4cd0-aae8-dbb96e644704,a466c0e1-30b3-4062-aeb7-3712491907c1,8c39b3fb-05f9-43e3-9155-80ea81867f70
5452e98e-b56f-4f6d-8979-455c16a93e7e,a466c0e1-30b3-4062-aeb7-3712491907c1,223fa0af-0965-41ea-b526-f7dbc3dfc951
c60d87c6-445d-43f3-8d30-f81f44d027dc,a466c0e1-30b3-4062-aeb7-3712491907c1,c03171fa-1c25-444c-aa41-bca47438c578
f4c8530a-0918-42fb-8e5d-df138bdfe153,a466c0e1-30b3-4062-aeb7-3712491907c1,3c85b404-a087-44cd-b22e-70052ca437bb
5056594c-7de0-43d5-b2b8-a705b179c20d,a466c0e1-30b3-4062-aeb7-3712491907c1,11c2ca08-26ad-4364-86d9-52e89e4647ec
12f0dc4f-bfcf-47a1-88b5-91ec83f46af8,a466c0e1-30b3-4062-aeb7-3712491907c1,cacccea9-bbe3-4c55-acee-6e0e740f1424
f088261b-dfa4-4f4a-9b3a-c7c3d74cffe8,a466c0e1-30b3-4062-aeb7-3712491907c1,5de1c191-8601-404e-b7fa-4df5f688ce1c
e5e4cf0b-b6a4-48c4-ab90-b1c91f25dbbe,a466c0e1-30b3-4062-aeb7-3712491907c1,78531827-6426-40f6-b0b8-0a83551c663c
